RecordID,FullName,Phone,ZodiacSign,FavoriteColor,Hobby,Tenure,NumberOfOrders,AvgOrderValue,TotalSpent,TotalSpent_USD,LastPurchaseDays,PreferredCategory,DiscountUsed,SupportTickets,DeviceType,Newsletter,AccountStatus,CancellationReason,Churn
REC00001,Michael Sanchez,3202557844.0,Cancer,Black,Music,4.0,11,61.877185582540946,785.0427063656716,0.1962606765914179,21,Niche13,0.7322354634374094,0,Mobile,No,Active,None,0
REC00002,Laura Torres,3489406725.0,Leo,Red,Music,,11,33.01080174957913,403.8978691146132,0.1009744672786533,53,Niche20,0.07197882771031969,2,Mobile,No,Active,None,0
REC00003,Joseph Sanchez,3774307678.0,Libra,Pink,Gaming,,11,46.07713874025327,467.13111500491215,0.11678277875122804,40,Home,0.44062107966920167,3,Mobile,No,Active,None,0
REC00004,John Lopez,3555534821.0,Scorpio,Gray,Cooking,41.0,9,24.93056739079499,243.12428872025427,0.06078107218006357,21,Niche7,0.29225113025995686,2,Desktop,Yes,Active,None,0
REC00005,Thomas Johnson,3334110013.0,Cancer,Green,Dancing,,10,19.704106062871354,210.16242355316703,0.05254060588829176,35,Niche20,0.20621838599904382,2,Desktop,No,Active,None,0
REC00006,Carmen Garcia,3017951987.0,Pisces,Black,Travel,69.0,8,31.63542194444777,289.56456871602774,0.07239114217900694,4,Niche24,0.28594758865153047,2,,No,Active,None,0
REC00007,Michael Martinez,3632040151.0,Leo,Red,Sports,21.0,11,16.913517805538138,188.50346910747342,0.047125867276868356,7,Niche3,0.30477209870568633,2,Mobile,Yes,Active,None,0
REC00008,James Miller,3199877579.0,Pisces,Green,Music,29.0,2,90.01162426961167,193.339357979566,0.0483348394948915,27,Niche13,0.22614286134375133,3,,Yes,Active,None,0
REC00009,Paula Wilson,3106283586.0,Gemini,Yellow,Travel,200.0,14,90.07250286475659,1259.5419117787744,0.3148854779446936,20,Niche8,0.40560854365218896,0,Mobile,No,Active,None,0
REC00010,David Ramirez,3533715259.0,Virgo,Orange,Cooking,2.0,8,43.095935863872995,379.51886956982077,0.0948797173924552,7,Niche17,0.2639568740354131,1,Desktop,No,Active,None,0
REC00011,Charles Johnson,3090354174.0,Aries,Orange,Photography,,12,71.05163367574455,850.4530041468555,0.21261325103671389,1,Niche9,0.18718765496947673,3,Desktop,No,Active,None,0
REC00012,Richard Rodriguez,3654420529.0,Cancer,Purple,Photography,19.0,4,16.9228753612816,55.296491796368514,0.013824122949092129,53,Books,0.519124618260189,1,Desktop,No,Active,None,0
REC00013,Lucia Brown,3615615922.0,Pisces,Pink,Hiking,57.0,8,44.92860518223029,357.01212524649964,0.0892530313116249,1,Electronics,0.4723182373243437,1,,No,Active,None,0
REC00014,Lucia Lopez,3760441721.0,Scorpio,Gray,Sports,5.0,9,97.93939610968155,1055.7507873320758,0.26393769683301893,1,,0.30474277540992367,0,Desktop,No,Active,None,0
REC00015,Laura Ramirez,3563960486.0,Leo,Black,Travel,13.0,11,,714.8996818998897,0.17872492047497243,3,Niche18,0.06382106761464663,0,Mobile,No,Active,None,0
REC00016,Marta Sanchez,3993235682.0,Pisces,Blue,Gaming,22.0,7,44.84356598240099,253.94161367182545,0.06348540341795636,0,Niche14,0.27211221590619666,1,Mobile,No,Active,None,0
REC00017,Elena Perez,3682428988.0,Leo,Red,Gaming,40.0,8,30.92663555746924,235.15643882012387,0.05878910970503097,19,Niche18,0.17639765420212755,3,Mobile,Yes,Active,None,0
REC00018,Marta Johnson,3586496875.0,Aries,Orange,Hiking,12.0,12,62.427040611255094,643.6544049752318,0.16091360124380796,31,Niche1,0.6868737549344349,1,,Yes,Active,None,0
REC00019,Robert Torres,3586620420.0,Taurus,Yellow,Travel,,7,148.4217112495247,1053.8808003920656,0.2634702000980164,1,Niche6,0.14054698997854084,1,Mobile,Yes,Active,None,0
REC00020,James Smith,3929526593.0,Leo,White,Dancing,23.0,11,40.108312158324736,419.0523909441347,0.10476309773603368,2,Niche0,0.0956164390921595,0,Desktop,Yes,Active,None,0
REC00021,Paula Davis,3289112238.0,Gemini,Green,Sports,1.0,6,77.23037569951624,473.9763611567668,0.11849409028919171,6,Niche8,0.351457765420949,1,Desktop,No,Active,None,0
REC00022,Laura Davis,3234470405.0,Gemini,Purple,Reading,60.0,10,,199.24832817749555,0.04981208204437389,2,Niche22,,1,Desktop,No,Active,None,0
REC00023,William Lopez,3450036492.0,Taurus,Purple,Gardening,42.0,9,52.193250356864304,376.20468290705537,0.09405117072676385,38,Niche7,0.25789929850065085,1,Mobile,No,Active,None,0
REC00024,William Torres,3927898366.0,Libra,Green,Hiking,60.0,15,31.88073625581647,512.8531013881421,0.12821327534703553,16,,0.08944465988671722,1,,Yes,Active,None,0
REC00025,Carmen Thomas,3830579171.0,Scorpio,Blue,Dancing,65.0,9,151.16242838900135,1358.176761941634,0.33954419048540846,34,Garden,0.19284824794040942,0,Mobile,No,Active,None,0
REC00026,Paula Garcia,3753213791.0,Scorpio,Green,Gardening,63.0,8,27.15103257279337,253.72654195050893,0.06343163548762723,21,Niche10,,0,Desktop,No,Active,None,0
REC00027,Marta Perez,3025882774.0,Scorpio,Purple,Dancing,28.0,6,,296.9056936665856,0.0742264234166464,47,Niche13,0.4009230093145806,0,Mobile,No,Active,None,0
REC00028,Isabel Miller,3100531636.0,Sagittarius,Pink,Gardening,16.0,12,102.44429386394135,1289.1830614481296,0.3222957653620324,3,Fashion,0.006388906244110582,1,Desktop,Yes,Active,None,0
REC00029,James Hernandez,3005262344.0,Aquarius,Pink,Sports,,12,29.943959015837144,428.4544485636063,0.10711361214090158,24,Niche6,0.3465877997898226,1,Desktop,No,Active,None,0
REC00030,Robert Ramirez,3555964566.0,Cancer,Gray,Travel,47.0,12,67.44546265728546,850.1404298546088,0.2125351074636522,28,Niche21,,1,Mobile,No,Active,None,0
REC00031,Carmen Rodriguez,3028318932.0,Taurus,Blue,Music,39.0,8,141.66494870670553,1041.5243487998134,0.26038108719995334,22,Niche6,0.10563078719126238,2,Desktop,No,Active,None,0
REC00032,John Taylor,3919445080.0,Leo,Blue,Music,54.0,7,68.24638907298785,423.5658169029574,0.10589145422573935,9,Sports,0.35508770132654,2,Desktop,No,Active,None,0
REC00033,John Hernandez,3134224929.0,Aries,Blue,Travel,,11,77.27328926972925,981.7944631318215,0.24544861578295538,1,Niche12,0.054890241700109955,0,Tablet,No,Active,None,0
REC00034,Ana Perez,3432143560.0,Scorpio,Blue,Travel,45.0,4,68.46533825633287,277.4620396990882,0.06936550992477206,15,Niche8,0.45109331028059363,3,Mobile,Yes,Active,None,0
REC00035,James Hernandez,3105673170.0,Aries,Pink,Photography,11.0,11,39.82827331314847,404.20523880131316,0.10105130970032829,6,Toys,0.22978715689222556,1,Mobile,No,Active,None,0
REC00036,Sofia Sanchez,3284772890.0,Libra,Blue,Music,46.0,10,70.47337531546447,816.6382981410507,0.20415957453526265,2,Niche8,,1,Mobile,No,Active,None,0
REC00037,Carmen Johnson,3039740389.0,Taurus,Purple,Dancing,30.0,11,130.88472198975288,1453.8753465979619,0.3634688366494905,7,,0.256915069321867,2,Desktop,Yes,Active,None,0
REC00038,Laura Wilson,3600907141.0,Taurus,Gray,Dancing,,13,30.142149385488842,406.0498289606873,0.10151245724017183,30,Toys,0.34150617650867415,0,Desktop,Yes,Active,None,0
REC00039,William Miller,3182695280.0,Leo,Red,Gaming,16.0,12,34.57329530948297,453.27978684745057,0.11331994671186264,11,Niche2,0.48188616611588825,0,Mobile,No,Active,None,0
REC00040,David Anderson,3443056882.0,Scorpio,Red,Photography,28.0,9,30.10208015377605,275.2568012525762,0.06881420031314406,6,Niche21,0.4035246444584777,1,,No,Active,None,0
REC00041,Michael Sanchez,3871747972.0,Sagittarius,Black,Photography,29.0,6,,161.05529733530634,0.04026382433382658,6,Fashion,0.3242085846674487,1,Mobile,No,Active,None,0
REC00042,Joseph Perez,3521554629.0,Libra,Gray,Reading,45.0,7,46.883227088605196,285.7688750235185,0.07144221875587962,27,Niche13,0.158440708095284,1,Desktop,No,Pending,None,0
REC00043,Marta Moore,3817432196.0,Cancer,Orange,Music,54.0,14,81.31695274948129,1137.3278529301417,0.28433196323253546,15,Niche24,0.2359295315935728,0,Desktop,Yes,Active,None,0
REC00044,Robert Hernandez,3611591269.0,Pisces,Gray,Gardening,,9,17.24832192890058,126.43152319130213,0.03160788079782553,9,Niche13,0.3969879241929584,1,Desktop,Yes,Active,None,0
REC00045,James Wilson,3202435829.0,Sagittarius,Red,Hiking,47.0,13,37.048639564994986,574.2937181376876,0.1435734295344219,34,Niche3,0.28750321709526944,3,Desktop,No,Active,None,0
REC00046,Paula Taylor,3340950980.0,Pisces,Yellow,Gardening,69.0,6,54.32021139181035,327.3542722671963,0.08183856806679907,3,Niche3,0.2539249827559541,0,Desktop,No,Active,None,0
REC00047,David Johnson,3992117019.0,Libra,Black,Travel,62.0,9,,1604.0931250854946,0.40102328127137365,27,Niche2,0.2344099303581805,1,,No,Active,None,0
REC00048,Isabel Garcia,3814427702.0,Capricorn,Pink,Hiking,,10,86.64619306442067,973.4212127960893,0.24335530319902232,58,Garden,0.34495965061090483,1,Desktop,Yes,Active,None,0
REC00049,Paula Brown,3219211863.0,Pisces,Black,Hiking,44.0,11,49.14423428115397,626.7083069439899,0.15667707673599748,25,Electronics,0.2318032499539892,2,Desktop,No,Active,None,0
REC00050,Michael Moore,3352038093.0,Taurus,Purple,Cooking,,4,,256.43696914215076,0.06410924228553769,44,Niche17,,1,Mobile,Yes,Active,None,0
REC00051,Lucia Lopez,3800020297.0,Aries,Black,Travel,,9,54.387031882652394,410.01509297866755,0.10250377324466689,4,Home,0.3857291125972621,0,Mobile,No,Active,None,0
REC00052,Thomas Lopez,3221269795.0,Aries,Yellow,Gaming,,10,23.450925961937134,196.1374366990937,0.04903435917477343,18,Books,0.05116034790674176,1,Mobile,No,Active,None,0
REC00053,David Miller,3357449712.0,Gemini,Green,Gardening,25.0,18,,493.32016475631673,0.12333004118907918,7,Grocery,0.25554522117595474,0,Desktop,No,Active,None,0
REC00054,Lucia Anderson,3515108584.0,Libra,Red,Travel,64.0,10,,155.014269572697,0.03875356739317425,12,Niche13,0.39639695973925276,1,Desktop,No,Active,None,0
REC00055,Isabel Gonzalez,3328142468.0,Pisces,Orange,Hiking,69.0,4,61.533194714718775,241.26755438482016,0.06031688859620504,23,Niche22,0.23997275581832078,0,Desktop,No,Active,None,0
REC00056,Marta Rodriguez,3823600542.0,Libra,Pink,Gaming,,10,27.775727361104895,222.36140976257136,0.05559035244064284,4,Garden,0.1078518343170301,1,Mobile,Yes,Active,None,0
REC00057,Sofia Rodriguez,3202236624.0,Aries,Gray,Reading,57.0,10,33.51857054662525,317.5351666348316,0.0793837916587079,35,,0.3804826861871529,1,Tablet,No,Active,None,0
REC00058,William Perez,3162870548.0,Leo,Purple,Cooking,,6,27.216217824275848,186.89933658683606,0.04672483414670901,9,Niche23,,1,Mobile,Yes,Active,None,0
REC00059,David Davis,3748121823.0,Leo,Green,Photography,41.0,12,,491.8115398510443,0.12295288496276108,14,Home,0.20349105243866156,1,,Yes,Active,None,0
REC00060,Michael Davis,3670217377.0,Capricorn,Red,Sports,5.0,13,47.947352825065416,633.3798376709501,0.15834495941773752,22,Niche10,0.3294253330721378,1,Mobile,Yes,Active,None,0
REC00061,Thomas Miller,3643469020.0,Libra,White,Music,46.0,10,43.329861620264886,490.60414371470387,0.12265103592867596,19,Grocery,0.28740477686632776,1,Mobile,No,Active,None,0
REC00062,Carmen Martinez,3877051503.0,Virgo,Gray,Gaming,30.0,8,,605.1641546927375,0.15129103867318439,37,Niche15,0.32885759915367163,2,Mobile,Yes,Active,None,0
REC00063,Joseph Ramirez,3840002771.0,Virgo,Purple,Gaming,38.0,13,34.63080328613951,452.3556431163284,0.1130889107790821,4,Toys,0.530343613990386,1,,Yes,Active,None,0
REC00064,Isabel Miller,3494346912.0,Gemini,Orange,Music,54.0,7,,399.56857534295244,0.0998921438357381,18,Sports,0.12762273300957477,0,Desktop,No,Active,None,0
REC00065,Marta Sanchez,3359181171.0,Sagittarius,Green,Reading,25.0,7,182.55363694672678,1403.7075474915928,0.3509268868728982,16,Niche15,0.3952911675977399,2,,Yes,Active,None,0
REC00066,Carmen Torres,3785303624.0,Taurus,White,Reading,41.0,11,64.2171212739585,5000000.0,0.18843459947928706,9,Niche6,0.5413087452018014,2,,No,Active,None,0
REC00067,Richard Thomas,3067786999.0,Pisces,White,Music,23.0,5,52.29957024252973,235.32718920245995,0.05883179730061499,14,Niche18,0.24728254517462997,2,Mobile,Yes,Active,Other,1
REC00068,Isabel Taylor,3740666133.0,Aquarius,Pink,Sports,71.0,7,30.007582076946537,216.47432193754472,0.054118580484386176,46,Niche11,0.0709347189017429,0,Mobile,No,Active,None,0
REC00069,Carmen Anderson,3199407643.0,Leo,Orange,Dancing,42.0,5,,196.7644267699134,0.04919110669247835,98,Automotive,0.23438023411784686,1,Desktop,No,Pending,None,0
REC00070,John Sanchez,3891248302.0,Gemini,Yellow,Gaming,17.0,3,95.00010292933592,264.68409891687855,0.06617102472921964,9,Fashion,0.3624020557414927,3,Desktop,Yes,Active,None,0
REC00071,Paula Thomas,3629840419.0,Aquarius,Red,Reading,40.0,11,,609.8828966710068,0.1524707241677517,16,Niche15,0.13755754846696785,0,Mobile,No,Active,Competitor,1
REC00072,James Rodriguez,3253827881.0,Sagittarius,Gray,Travel,43.0,11,54.07440655011208,656.2292343107248,0.1640573085776812,3,Niche6,0.22176430356888413,1,Mobile,Yes,Active,None,0
REC00073,Robert Davis,3214567007.0,Aquarius,White,Photography,39.0,3,36.66904047735225,94.91998764929863,0.02372999691232466,23,Niche14,0.05417324331432995,3,Mobile,Yes,Active,None,0
REC00074,Ana Ramirez,3834949029.0,Capricorn,Purple,Gardening,42.0,12,,969.7249100176318,0.24243122750440796,46,,0.5320398992028271,2,Desktop,No,Active,None,0
REC00075,David Taylor,3084309442.0,Aquarius,Red,Dancing,59.0,4,21.47570395077432,76.41232067637546,0.019103080169093865,74,,0.4549263808994496,0,Tablet,No,Active,None,0
REC00076,Richard Davis,3449287475.0,Taurus,White,Gardening,26.0,15,47.736446154662275,656.0530587974677,0.16401326469936692,14,Automotive,0.31557003404982215,1,,Yes,Active,None,0
REC00077,Lucia Rodriguez,3614234487.0,Scorpio,Purple,Dancing,69.0,10,,299.20580283538277,0.0748014507088457,58,Electronics,0.06993817419195109,0,Desktop,Yes,Active,Price,1
REC00078,Maria Torres,3154848065.0,Taurus,Blue,Gardening,31.0,8,56.81690624773714,486.1780400336867,0.12154451000842169,0,Niche11,0.2872331842893595,2,Mobile,Yes,Active,None,0
REC00079,Carmen Brown,3417068314.0,Aries,Black,Gaming,19.0,8,19.372380710128496,176.42813953802244,0.04410703488450561,37,Niche7,0.2572241106935665,0,Mobile,Yes,Active,None,0
REC00080,Laura Perez,3783156411.0,Virgo,Orange,Gaming,67.0,7,,5000000.0,0.1171593692943261,16,Niche21,,2,Desktop,Yes,Active,None,0
REC00081,Ana Lopez,3887984855.0,Libra,White,Sports,8.0,8,37.76583777982273,346.4456824008893,0.08661142060022232,96,Niche10,0.34939931962821963,2,Desktop,Yes,Active,Price,1
REC00082,Marta Miller,3740935639.0,Sagittarius,Green,Gaming,48.0,11,35.361878988268394,434.4549207413995,0.10861373018534988,8,Home,0.5039924203717177,1,Desktop,No,Active,None,0
REC00083,David Lopez,3429276467.0,Sagittarius,Orange,Gaming,17.0,7,25.743533923481987,161.92108121498933,0.04048027030374733,2,Niche0,0.2648982157546314,0,Tablet,No,Active,Other,1
REC00084,Marta Lopez,3052689973.0,Pisces,Yellow,Gardening,38.0,8,42.43592095882907,402.5980135599517,0.10064950338998793,24,Niche24,0.26554425301620105,1,Mobile,No,Active,None,0
REC00085,Maria Torres,3119660319.0,Libra,Red,Reading,17.0,5,33.497723120801965,167.11314751196724,0.04177828687799181,13,Niche2,,0,Desktop,No,Active,None,0
REC00086,Richard Lopez,3281668700.0,Virgo,White,Dancing,58.0,13,56.46479571128829,632.9968363057179,0.15824920907642948,19,Home,0.09943487547358767,0,Mobile,No,Active,None,0
REC00087,Maria Martinez,3520844874.0,Scorpio,White,Reading,68.0,14,79.49250910412029,1330.7690653843315,0.3326922663460829,3,Books,0.1877887525384988,0,Mobile,Yes,Active,None,0
REC00088,James Lopez,3310221013.0,Scorpio,Red,Hiking,48.0,10,,750.6788283203591,0.1876697070800898,36,Niche7,0.2780887778312108,2,Mobile,No,Active,None,0
REC00089,Robert Davis,3698440935.0,Sagittarius,White,Cooking,,11,13.17488005775887,139.0026652512911,0.034750666312822774,6,Niche18,0.15434150997831592,0,Mobile,No,Active,None,0
REC00090,Richard Miller,3629854040.0,Sagittarius,Yellow,Sports,,7,,420.58675940739585,0.10514668985184897,6,Niche8,0.02955240310658642,1,Mobile,No,Active,Service,1
REC00091,Lucia Thomas,3160310658.0,Capricorn,Red,Dancing,25.0,8,54.16551672676948,517.2037623208511,0.12930094058021277,8,Niche22,0.2729674806140281,5,Tablet,Yes,Active,None,0
REC00092,William Thomas,3310400818.0,Sagittarius,Gray,Travel,47.0,10,18.72187732517044,188.56538915197163,0.04714134728799291,4,Automotive,0.17040331781471293,0,Mobile,No,Active,None,0
REC00093,Joseph Garcia,3584503378.0,Capricorn,Blue,Hiking,34.0,6,,419.6215148021201,0.10490537870053002,12,Sports,0.3814281462764943,1,,Yes,Active,Other,1
REC00094,Maria Sanchez,3931991034.0,Gemini,Green,Photography,,10,77.57146131602532,752.0075239473028,0.18800188098682571,2,,0.3082834220179,0,Mobile,No,Active,None,0
REC00095,Carmen Thomas,3830175294.0,Pisces,Gray,Music,37.0,8,21.2588573490881,199.65393613507482,0.049913484033768704,3,Niche19,0.23255031661970185,0,Desktop,No,Active,None,0
REC00096,Sofia Martinez,3878536804.0,Leo,Yellow,Dancing,21.0,6,21.54985384762073,150.25320576341562,0.0375633014408539,17,Niche6,0.25980845914978373,0,Desktop,Yes,Active,None,0
REC00097,Marta Hernandez,3515121529.0,Taurus,Pink,Photography,14.0,12,,926.5511212324745,0.23163778030811863,12,,0.16472276801134986,2,Mobile,Yes,Active,None,0
REC00098,James Torres,3221628020.0,Gemini,White,Cooking,,7,66.23558011593416,414.2284795919353,0.10355711989798383,3,Automotive,0.3645381377407574,0,Desktop,No,Active,None,0
REC00099,Robert Taylor,3226248368.0,Cancer,Red,Hiking,66.0,6,,320.3635958870071,0.08009089897175177,6,Niche14,,1,Desktop,No,Pending,None,0
REC00100,Michael Garcia,3267779572.0,Aquarius,Red,Hiking,7.0,10,77.4188641523374,825.0982370896307,0.20627455927240768,-10,Niche5,0.2660227710045804,0,Mobile,Yes,Active,Price,1
REC00101,Ana Sanchez,3433563479.0,Virgo,Black,Gaming,56.0,19,28.308587884834594,600.6613377256546,0.15016533443141364,22,,0.08495554328211515,0,Mobile,No,Active,None,0
REC00102,Carmen Brown,3426236060.0,Gemini,Purple,Travel,27.0,9,20.277798509425384,215.75048407759172,0.05393762101939793,4,Fashion,0.3370333966488317,1,Mobile,No,Active,None,0
REC00103,David Brown,3491450869.0,Aries,Pink,Hiking,36.0,8,55.50560577922415,423.3280115711512,0.1058320028927878,2,Niche7,0.25995547397126323,2,Desktop,Yes,Active,None,0
REC00104,Paula Wilson,3046392546.0,Sagittarius,Green,Travel,43.0,9,103.52602447300681,833.470531738894,0.2083676329347235,11,Automotive,0.1428067916615125,4,Mobile,No,Active,None,0
REC00105,Michael Torres,3490031876.0,Pisces,Yellow,Travel,,5,28.221368363959495,148.1817323037551,0.03704543307593877,7,Niche23,,1,Mobile,No,Active,None,0
REC00106,Maria Davis,3678276920.0,Capricorn,Green,Dancing,17.0,8,18.718050581300346,179.66811003711635,0.04491702750927909,6,Niche22,0.12163157541830534,4,Desktop,No,Active,None,0
REC00107,Isabel Torres,3556924592.0,Capricorn,Green,Hiking,8.0,9,,357.50692669781694,0.08937673167445423,30,Garden,0.34216105148426756,2,Desktop,Yes,Active,None,0
REC00108,Lucia Taylor,3908947419.0,Aries,Orange,Hiking,50.0,5,72.74919143938112,309.1646610309621,0.07729116525774053,9,,0.3302553362310345,0,Mobile,No,Active,None,0
REC00109,William Anderson,3868855824.0,Aries,Purple,Photography,51.0,9,49.91784466180684,530.2454560291553,0.13256136400728882,7,Niche19,0.1882954049808629,1,Mobile,No,Active,None,0
REC00110,James Lopez,3760449575.0,Gemini,Gray,Reading,56.0,10,,633.33143383703,0.1583328584592575,5,Fashion,0.09798845442730729,0,Desktop,Yes,Active,None,0
REC00111,Michael Gonzalez,3686652217.0,Cancer,Purple,Gardening,16.0,8,57.0599532034038,452.55730266373615,0.11313932566593404,30,,,0,Desktop,No,Active,None,0
REC00112,Charles Torres,3537762256.0,Virgo,Orange,Cooking,21.0,8,45.76800514784574,374.8472510872369,0.09371181277180922,0,Niche0,0.21701348295647188,2,Mobile,No,Active,None,0
REC00113,Richard Lopez,3562858669.0,Leo,Gray,Cooking,13.0,10,42.283588262530046,483.86465202025585,0.12096616300506396,7,Niche3,,2,Tablet,No,Active,None,0
REC00114,Paula Moore,3522380152.0,Cancer,Black,Sports,61.0,4,,128.53496876820364,0.03213374219205091,34,Niche3,,0,Tablet,Yes,Active,None,0
REC00115,Michael Hernandez,3032749674.0,Pisces,Blue,Cooking,32.0,10,52.17846612604981,519.887510670939,0.12997187766773477,115,Niche14,0.12996125741022596,1,Desktop,No,Active,None,0
REC00116,Lucia Taylor,3892556109.0,Virgo,Black,Sports,13.0,8,35.518262155026285,307.69232306726514,0.07692308076681628,1,Niche5,0.14754105866363487,0,Tablet,Yes,Active,None,0
REC00117,Robert Sanchez,3095206241.0,Capricorn,Orange,Travel,25.0,15,18.5046608716225,300.67284903511074,0.07516821225877769,15,,0.4127342373738512,2,,Yes,Active,None,0
REC00118,Michael Martinez,3853308890.0,Virgo,Green,Gardening,70.0,5,83.71589287900885,443.268992578062,0.1108172481445155,37,Grocery,,0,Desktop,No,Active,None,0
REC00119,Elena Smith,3890166114.0,Cancer,Pink,Cooking,18.0,12,26.61992113820565,369.19286830227895,0.09229821707556973,16,Niche7,0.31806803532851946,1,Desktop,Yes,Active,None,0
REC00120,James Martinez,3308140901.0,Aquarius,Green,Photography,7.0,8,38.36385896583869,265.06402845058335,0.06626600711264584,44,Niche16,0.11133487330922291,1,Mobile,Yes,Active,None,0
REC00121,Robert Wilson,3510043963.0,Leo,Blue,Sports,18.0,5,69.1733270610625,319.6233708357509,0.07990584270893773,28,Niche16,0.12839528591484575,4,,Yes,Active,None,0
REC00122,Richard Wilson,3246534856.0,Libra,Pink,Music,42.0,10,30.43898318260365,280.4616301181703,0.07011540752954258,24,Niche0,0.2624123750692603,1,Mobile,No,Active,None,0
REC00123,Sofia Brown,3679208425.0,Aries,Gray,Music,,8,53.58282867159623,508.4656942823009,0.12711642357057523,0,Niche6,0.14846858662377577,0,Desktop,Yes,Active,None,0
REC00124,Paula Wilson,3905063673.0,Scorpio,Gray,Music,64.0,5,53.057975676362446,244.8085949923459,0.06120214874808647,11,Niche3,0.14620829202252594,2,Desktop,No,Active,None,0
REC00125,David Thomas,3862083523.0,Leo,Gray,Music,13.0,6,21.308249894530412,111.09956905269817,0.027774892263174544,3,Home,0.36747786547384764,1,Mobile,No,Active,None,0
REC00126,Paula Thomas,3208677421.0,Virgo,Purple,Reading,47.0,10,15.580159442549736,150.1752842134956,0.037543821053373894,38,Home,0.31728141769127716,2,Mobile,No,Active,None,0
REC00127,Michael Smith,3919441121.0,Virgo,Green,Gardening,25.0,9,27.72789706418358,247.50288986210003,0.06187572246552501,32,Niche1,0.2654469832384205,1,Mobile,No,Active,None,0
REC00128,James Brown,3068041638.0,Scorpio,Black,Photography,11.0,11,63.11411260981079,802.5325703594715,0.20063314258986786,4,Automotive,0.3597564786559568,2,Mobile,No,Active,None,0
REC00129,Paula Moore,3020629505.0,Scorpio,Pink,Music,29.0,4,59.539709396645556,260.2255393165375,0.06505638482913437,1,Niche1,0.297808961404386,3,,No,Active,Competitor,1
REC00130,Joseph Thomas,3133623764.0,Aquarius,Blue,Gaming,68.0,8,17.334649447234987,141.29447371123325,0.03532361842780831,20,Niche21,,1,Mobile,Yes,Active,None,0
REC00131,David Ramirez,3355823044.0,Aquarius,Pink,Cooking,66.0,7,99.70117895713211,699.425922624841,0.17485648065621023,14,,0.10170197337569913,1,Mobile,Yes,Active,None,0
REC00132,Robert Ramirez,3330670817.0,Capricorn,Blue,Gardening,13.0,9,152.16905423852876,1123.7845914833435,0.2809461478708359,48,Niche4,,1,Mobile,No,Active,None,0
REC00133,Sofia Perez,3573885156.0,Libra,Black,Reading,14.0,11,,604.6131921099206,0.15115329802748015,16,Niche18,,0,Mobile,No,Active,None,0
REC00134,Robert Lopez,3892007998.0,Taurus,Yellow,Music,15.0,15,,761.7749614100662,0.19044374035251654,6,Niche1,0.42031152831644636,0,Mobile,No,Active,None,0
REC00135,Sofia Johnson,3653552722.0,Virgo,Green,Gaming,39.0,12,15.568635710826337,222.15317414401827,0.05553829353600457,0,Niche13,0.3393592506407967,3,Mobile,Yes,Active,None,0
REC00136,Lucia Perez,3980926843.0,Aquarius,Yellow,Music,67.0,8,70.6225732563498,654.3276190939996,0.1635819047734999,43,Grocery,0.525930228426813,0,,No,Active,None,0
REC00137,David Torres,3580617806.0,Libra,Green,Cooking,18.0,13,62.340827892464304,813.5723359344913,0.20339308398362282,62,Niche0,0.34236962224537365,1,Mobile,No,Active,None,0
REC00138,Lucia Martinez,3401030034.0,Capricorn,Pink,Music,21.0,10,55.36286375173829,468.0022687882834,0.11700056719707085,9,,0.09042987050740271,1,,Yes,Active,None,0
REC00139,Charles Gonzalez,3465736710.0,Sagittarius,Pink,Gaming,56.0,11,37.68763078713342,496.9004302297389,0.12422510755743472,16,Niche2,0.2493547266438523,2,Desktop,No,Active,None,0
REC00140,William Lopez,3004660401.0,Virgo,Green,Music,2.0,8,,344.35768087798107,0.08608942021949527,15,Niche15,0.3602870342115403,1,Mobile,No,Active,None,0
REC00141,Ana Lopez,3085336935.0,Leo,Purple,Sports,38.0,14,41.9649270660174,628.1788002058041,0.15704470005145102,17,Fashion,0.4967709382429772,1,Desktop,Yes,Active,Service,1
REC00142,Paula Taylor,3901458198.0,Sagittarius,Black,Cooking,17.0,13,,776.6691311640055,0.19416728279100137,37,Niche19,0.41085711228380567,2,Desktop,Yes,Active,None,0
REC00143,Laura Hernandez,3826920148.0,Virgo,Red,Gardening,47.0,9,73.418705460245,752.2916261980487,0.18807290654951217,67,Niche13,0.14067577376912235,3,Mobile,No,Active,None,0
REC00144,Lucia Rodriguez,3271567705.0,Virgo,Orange,Gardening,3.0,7,41.92624825649216,285.274031399243,0.07131850784981074,10,Niche1,,1,Mobile,No,Active,None,0
REC00145,Laura Ramirez,3314933553.0,Cancer,Pink,Sports,8.0,10,,615.4125416145711,0.15385313540364276,12,Books,0.7345020822712847,1,Mobile,No,Active,None,0
REC00146,Sofia Martinez,3696425500.0,Libra,Green,Travel,69.0,10,52.87823172823723,533.5813774767013,0.13339534436917533,3,Niche16,0.05930213845985633,0,Mobile,Yes,Active,None,0
REC00147,Ana Perez,3657812304.0,Libra,Red,Reading,,4,44.527481800511865,159.34757537403348,0.03983689384350837,61,Niche10,0.6064422809464363,0,Mobile,Yes,Active,None,0
REC00148,Laura Smith,3039041655.0,Pisces,Pink,Travel,68.0,8,,225.2121977627461,0.05630304944068652,3,Grocery,0.05354877494611437,1,,Yes,Active,None,0
REC00149,Ana Thomas,3482673715.0,Pisces,White,Gaming,7.0,9,55.04537552142244,416.60085000754714,0.10415021250188679,95,Niche6,,1,Mobile,No,Active,None,0
REC00150,Ana Brown,3959828554.0,Taurus,Red,Travel,20.0,8,59.01023079806793,419.2988974108289,0.10482472435270722,27,Niche7,0.34835676845165103,1,Desktop,Yes,Active,None,0
REC00151,Elena Davis,3123659592.0,Aries,Pink,Photography,45.0,12,43.97442811348172,577.5932608352357,0.14439831520880891,3,Niche9,0.4243743393923743,0,Mobile,Yes,Active,None,0
REC00152,Carmen Anderson,3185831274.0,Cancer,Purple,Gaming,18.0,11,51.68353944080761,473.2886584941979,0.11832216462354947,16,Niche9,0.10546841404108537,1,Desktop,No,Active,None,0
REC00153,Lucia Martinez,3665330344.0,Virgo,Yellow,Photography,3.0,7,37.057618891470334,227.8818629187365,0.056970465729684124,9,Niche14,0.21329415495085813,1,Mobile,Yes,Active,None,0
REC00154,Ana Miller,3676231425.0,Sagittarius,Green,Dancing,58.0,9,,326.3670780738244,0.0815917695184561,14,Niche18,0.4182039067593036,0,Mobile,No,Active,None,0
REC00155,Michael Sanchez,3985852751.0,Virgo,Green,Reading,48.0,9,44.20403002563507,366.2538953064144,0.0915634738266036,10,Toys,,1,Desktop,Yes,Active,None,0
REC00156,Michael Miller,3701968260.0,Taurus,Red,Gaming,19.0,7,,185.21355083413735,0.04630338770853434,31,,0.38482527509091885,0,Desktop,Yes,Active,Competitor,1
REC00157,Sofia Johnson,3727300341.0,Leo,Purple,Reading,1.0,11,34.058746596302285,316.8146017364944,0.0792036504341236,78,Books,0.5449019201555404,1,Mobile,No,Active,Competitor,1
REC00158,Paula Smith,3277903418.0,Libra,Gray,Gaming,21.0,13,101.01603807883852,1253.7073446042125,0.3134268361510531,8,Niche5,0.40982111236964747,1,Mobile,No,Active,None,0
REC00159,Robert Gonzalez,3086597175.0,Sagittarius,Pink,Hiking,67.0,10,74.39411053081318,836.3421870185259,0.20908554675463148,1,Sports,0.18175153800156718,1,Desktop,No,Active,None,0
REC00160,Paula Thomas,3865976733.0,Pisces,Gray,Sports,38.0,9,45.98269857427186,337.1150545649564,0.0842787636412391,2,Niche24,,1,Mobile,No,Active,None,0
REC00161,Ana Hernandez,3050853454.0,Gemini,Green,Photography,39.0,8,,333.7472303461699,0.08343680758654247,35,Home,,2,Mobile,No,Active,None,0
REC00162,James Anderson,3496463037.0,Sagittarius,Blue,Cooking,2.0,10,26.843938368474806,223.12812677876218,0.055782031694690544,10,Niche10,0.5177109517632399,1,,No,Active,None,0
REC00163,Carmen Davis,3715569340.0,Scorpio,Green,Gaming,,12,26.61886150817998,347.04896411828423,0.08676224102957106,4,,0.19147768325179682,0,Desktop,Yes,Active,None,0
REC00164,James Torres,3432228288.0,Aries,Green,Cooking,23.0,6,9.748183062129486,69.51669749736256,0.01737917437434064,51,Niche0,0.20290965101303043,0,Mobile,No,Active,None,0
REC00165,John Rodriguez,3745045298.0,Taurus,Red,Travel,,6,24.547282822454545,121.22362136248535,0.030305905340621338,2,Electronics,0.20566594532586266,0,Desktop,Yes,Active,None,0
REC00166,Charles Ramirez,3312693585.0,Capricorn,Red,Music,15.0,7,74.90844565646296,535.7831618222666,0.13394579045556665,47,Niche12,0.33374433046153734,1,Mobile,Yes,Active,None,0
REC00167,Isabel Ramirez,3545189966.0,Libra,Yellow,Gardening,35.0,8,16.667463971053564,115.29506650076448,0.02882376662519112,27,Niche19,0.1260528827757314,0,Desktop,Yes,Active,None,0
REC00168,Maria Wilson,3543455177.0,Aquarius,Gray,Gardening,38.0,5,33.77444471704968,197.58141765100618,0.049395354412751544,1,Niche22,0.02002391962016521,2,Desktop,No,Active,None,0
REC00169,Isabel Thomas,3235089713.0,Scorpio,White,Music,59.0,9,41.930437576074354,302.847995184474,0.0757119987961185,24,Niche14,,0,Desktop,No,Active,None,0
REC00170,Maria Torres,3062699762.0,Scorpio,Black,Reading,55.0,7,51.64271054183981,343.73882591561477,0.0859347064789037,13,Niche18,0.6234622847117538,0,Desktop,Yes,Active,None,0
REC00171,Lucia Taylor,3297851569.0,Sagittarius,Blue,Music,43.0,10,30.906729389018647,336.66550934811664,0.08416637733702916,14,Niche23,0.2673565131431852,1,Desktop,No,Active,None,0
REC00172,Laura Wilson,3886107963.0,Aquarius,Purple,Gardening,41.0,6,33.56594063444983,214.54823086029344,0.053637057715073364,4,Sports,0.23863612670548787,2,Mobile,Yes,Active,None,0
REC00173,William Smith,3959713103.0,Cancer,Black,Dancing,23.0,10,20.52198507877545,199.8846357369612,0.0499711589342403,23,Toys,0.36851809643843914,2,,Yes,Active,None,0
REC00174,James Ramirez,3381407159.0,Scorpio,White,Sports,34.0,10,32.771287810025704,329.65590229127315,0.0824139755728183,12,Sports,0.19761958382616193,2,Mobile,Yes,Active,None,0
REC00175,Richard Thomas,3951773384.0,Taurus,Green,Gaming,47.0,8,23.138214148334434,159.02923574595113,0.03975730893648778,1,Niche1,0.27956747529831816,2,Mobile,No,Active,None,0
REC00176,Sofia Smith,3313029487.0,Libra,Green,Reading,,12,40.86951984211746,423.5828087329509,0.10589570218323772,60,,0.27564396695865967,0,Mobile,No,Active,None,0
REC00177,Joseph Hernandez,3161448675.0,Capricorn,Gray,Gardening,70.0,11,46.11886521490731,564.2954081188208,0.14107385202970518,10,Niche24,0.37507323948992805,0,Desktop,Yes,Active,None,0
REC00178,Paula Gonzalez,3806055775.0,Leo,Red,Dancing,51.0,14,50.23930470296853,688.6966448058787,0.17217416120146967,8,Niche13,0.07259641594419135,0,Tablet,No,Active,None,0
REC00179,Paula Davis,3355348574.0,Sagittarius,Green,Gaming,46.0,9,85.57429220312102,740.4625426037676,0.18511563565094188,9,Grocery,0.16033948480303853,1,Desktop,No,Active,None,0
REC00180,Charles Sanchez,3483476620.0,Cancer,Blue,Sports,12.0,7,82.91668598782023,490.84639129589834,0.12271159782397459,53,Niche19,0.3240002783415229,0,Desktop,Yes,Active,None,0
REC00181,James Davis,3229220907.0,Sagittarius,Red,Sports,36.0,10,69.19432914689517,761.4282758141942,0.19035706895354854,60,Niche13,0.10144783074670112,0,Desktop,Yes,Active,None,0
REC00182,James Martinez,3342345929.0,Gemini,Black,Music,40.0,5,31.872858824824092,161.10136001557757,0.04027534000389439,46,Niche20,0.384073064772108,1,Mobile,Yes,Active,None,0
REC00183,Joseph Sanchez,3121297124.0,Virgo,Pink,Sports,25.0,10,29.308174997709166,307.59454946704193,0.07689863736676049,17,Niche22,0.7931661655563745,3,Desktop,No,Active,Other,1
REC00184,Michael Rodriguez,3308491697.0,Capricorn,White,Dancing,,11,31.113089421539495,315.3605540766062,0.07884013851915155,8,Garden,0.08242212650063097,0,Mobile,Yes,Active,None,0
REC00185,Maria Anderson,3189458041.0,Leo,Pink,Dancing,50.0,8,166.66841887667766,1164.3743941550367,0.29109359853875916,13,Niche10,0.3336049868442217,0,Desktop,No,Active,None,0
REC00186,Charles Gonzalez,3075987450.0,Scorpio,Gray,Photography,45.0,11,48.522204294654934,565.2071563716866,0.14130178909292163,70,Niche8,0.29244694977896135,0,,No,Active,None,0
REC00187,Sofia Thomas,3571195688.0,Taurus,Purple,Gaming,30.0,9,70.85064419227491,648.3001188826394,0.16207502972065985,10,Niche21,0.27842872255912243,0,Tablet,No,Active,None,0
REC00188,Carmen Lopez,3420225118.0,Libra,Purple,Photography,10.0,5,56.69728392045348,231.71630575238075,0.05792907643809519,3,Books,0.12519863945490362,0,Mobile,No,Active,None,0
REC00189,Marta Taylor,3171244959.0,Aquarius,Yellow,Hiking,11.0,10,37.737228123983385,309.6701489961562,0.07741753724903905,28,Niche19,0.18016570127636314,0,Mobile,No,Active,None,0
REC00190,John Moore,3470259901.0,Gemini,Yellow,Music,17.0,6,76.64538766237905,546.4941313418458,0.13662353283546144,20,,0.5096826252778277,0,Mobile,Yes,Active,None,0
REC00191,James Miller,3758971769.0,Sagittarius,Pink,Travel,54.0,7,26.573758094507916,172.78995018264715,0.043197487545661786,10,Niche5,0.29399899450659583,2,Desktop,No,Active,None,0
REC00192,Ana Hernandez,3163547425.0,Sagittarius,Red,Hiking,,14,29.74912778013117,490.42247134855035,0.12260561783713758,1,Niche15,0.09532926857809687,0,Mobile,No,Active,None,0
REC00193,William Gonzalez,3972645687.0,Sagittarius,Yellow,Travel,20.0,7,29.250735932338074,210.59238610385472,0.05264809652596368,29,,,1,Desktop,Yes,Active,None,0
REC00194,Michael Miller,3158006533.0,Libra,White,Sports,36.0,11,72.67170611072223,698.6275507363557,0.17465688768408894,40,Niche14,0.23886235690383126,1,Tablet,Yes,Active,None,0
REC00195,William Moore,3369357846.0,Leo,Yellow,Cooking,18.0,8,81.2117812346604,633.0178031436374,0.15825445078590933,9,Niche1,,0,Mobile,No,Active,None,0
REC00196,Laura Perez,3739339359.0,Capricorn,Black,Cooking,47.0,10,,446.07436603287647,0.11151859150821912,41,Fashion,0.27519314032581477,0,Desktop,Yes,Active,None,0
REC00197,William Garcia,3022672037.0,Libra,Black,Dancing,13.0,7,26.32711130710599,217.38492316419928,0.05434623079104982,4,Niche22,0.15850700021396524,1,Desktop,No,Active,None,0
REC00198,David Gonzalez,3291200787.0,Pisces,Orange,Photography,41.0,6,17.680156525571906,125.8846454115062,0.03147116135287655,8,Niche24,0.0791529635298321,1,Desktop,Yes,Active,None,0
REC00199,Charles Anderson,3198534273.0,Aries,Green,Travel,10.0,8,27.894018546644677,202.5905295108621,0.050647632377715524,83,Niche4,0.39562790962401984,6,Mobile,No,Active,None,0
REC00200,Isabel Taylor,3556901539.0,Sagittarius,Black,Dancing,46.0,10,27.53293604494907,242.32831170751402,0.0605820779268785,41,Grocery,0.33035631306608865,1,Mobile,Yes,Active,None,0
REC00201,Carmen Ramirez,3034289307.0,Sagittarius,White,Cooking,45.0,8,40.39072977006851,335.8622915696015,0.08396557289240038,1,Niche3,0.3256664698147461,4,Mobile,Yes,Active,None,0
REC00202,Michael Sanchez,3198747076.0,Gemini,Gray,Photography,49.0,12,71.41835157175534,714.4909950067064,0.1786227487516766,111,Books,0.1576374646916607,1,Mobile,No,Active,None,0
REC00203,Lucia Taylor,3665875319.0,Taurus,Pink,Reading,61.0,9,40.39812683165824,390.65951211443536,0.09766487802860883,13,Fashion,0.09106188970908809,0,,Yes,Active,None,0
REC00204,Michael Taylor,3847207311.0,Pisces,White,Cooking,30.0,7,23.778413950712174,172.4599409840012,0.043114985246000305,3,Niche14,0.27084641803124926,1,,Yes,Active,None,0
REC00205,Charles Smith,3200071129.0,Leo,Pink,Travel,47.0,8,23.82671904139318,175.6795566584422,0.04391988916461055,7,Home,0.14650948443173095,1,Desktop,Yes,Active,None,0
REC00206,Laura Perez,3765649134.0,Scorpio,Orange,Cooking,60.0,9,53.88146120828245,429.0134400255233,0.10725336000638083,17,Niche19,0.3327209528810343,2,,Yes,Active,None,0
REC00207,Maria Sanchez,3012661007.0,Libra,Green,Gaming,46.0,12,52.46563091723892,754.7198772747515,0.18867996931868788,2,Niche7,,2,Mobile,Yes,Active,None,0
REC00208,John Garcia,3984829730.0,Scorpio,Gray,Cooking,38.0,9,68.87057524204819,595.7626640916448,0.1489406660229112,18,Niche21,,0,Mobile,No,Active,None,0
REC00209,Richard Perez,3456507721.0,Leo,Purple,Sports,11.0,9,37.211992094112695,353.04984692452234,0.08826246173113059,58,Niche23,0.28962900241386347,1,Desktop,No,Active,None,0
REC00210,Paula Anderson,3866085050.0,Taurus,Yellow,Dancing,56.0,15,,606.1332775357745,0.15153331938394363,31,Toys,0.14865999527162949,0,Mobile,No,Active,None,0
REC00211,Marta Moore,3441576933.0,Aries,Gray,Gaming,44.0,12,74.40912676437222,1041.6300068574747,0.26040750171436866,51,,0.5264201695687046,1,Mobile,No,Active,None,0
REC00212,Lucia Ramirez,3259686147.0,Capricorn,Blue,Reading,66.0,7,115.77697577493,879.6684405415368,0.2199171101353842,7,Grocery,0.1231844766352256,0,Desktop,Yes,Active,None,0
REC00213,Robert Miller,3811851390.0,Leo,Purple,Cooking,8.0,12,72.92245859487774,1009.6833962675157,0.25242084906687895,18,Automotive,0.40960448859534887,1,Mobile,Yes,Active,None,0
REC00214,Michael Brown,3620404027.0,Capricorn,Black,Gaming,48.0,10,46.34449998863195,429.09653427176266,0.10727413356794066,2,Automotive,0.11660248251710993,0,Desktop,No,Active,Price,1
REC00215,Richard Torres,3714359764.0,Gemini,Orange,Photography,4.0,12,,200.43957249113356,0.05010989312278339,28,Niche3,,2,,Yes,Active,None,0
REC00216,Robert Thomas,3025267078.0,Leo,Gray,Gardening,46.0,15,55.028997375116475,810.3010071774171,0.20257525179435426,6,Niche7,0.4386473979416469,0,Mobile,Yes,Active,None,0
REC00217,Robert Martinez,3395490469.0,Leo,Green,Travel,49.0,10,49.70924336408713,560.2326607149631,0.14005816517874078,4,Niche19,0.3780481073659794,1,Mobile,Yes,Active,None,0
REC00218,Lucia Wilson,3853186187.0,Pisces,Gray,Gardening,64.0,7,25.6687062224121,183.27364935344718,0.04581841233836179,5,Niche19,0.45718827885917906,1,Mobile,Yes,Active,None,0
REC00219,Maria Anderson,3025300913.0,Aries,Red,Travel,59.0,7,36.13160617821567,264.22961789141027,0.06605740447285256,26,Niche4,0.21867258470396114,1,Desktop,No,Active,None,0
REC00220,Charles Miller,3935908715.0,Aries,Red,Sports,8.0,7,71.25273991683709,503.4544100887704,0.12586360252219259,13,Niche6,0.4954759614731969,2,Mobile,No,Active,None,0
REC00221,Joseph Brown,3276901035.0,Leo,Gray,Hiking,25.0,4,26.737606264058048,86.7497957885939,0.021687448947148476,12,Automotive,0.33406691403473093,0,Desktop,No,Active,None,0
REC00222,Richard Perez,3919603417.0,Gemini,Pink,Travel,36.0,9,51.19745301596165,432.49451072270244,0.10812362768067561,4,Niche21,0.08249534656841401,3,,No,Active,None,0
REC00223,William Hernandez,3458758090.0,Pisces,Green,Dancing,29.0,11,20.212069524637716,234.63275121802178,0.05865818780450544,3,Niche23,0.38524346287792816,0,Mobile,Yes,Active,None,0
REC00224,Carmen Rodriguez,3168741016.0,Scorpio,Blue,Reading,48.0,9,34.855326619054146,293.7504085978242,0.07343760214945605,12,Niche10,0.19975212918904536,1,Mobile,Yes,Active,None,0
REC00225,Sofia Rodriguez,3599634965.0,Aquarius,White,Cooking,40.0,12,53.54521505258726,767.4386562475466,0.19185966406188665,12,Automotive,0.28911824164441824,2,Mobile,No,Active,None,0
REC00226,John Wilson,3966224237.0,Aquarius,Pink,Photography,30.0,7,83.49682312541681,498.4188666771895,0.12460471666929737,7,Sports,0.6345558756390934,0,Tablet,No,Active,None,0
REC00227,David Lopez,3897872787.0,Cancer,Black,Gaming,63.0,8,17.499964689099386,152.97097801165077,0.03824274450291269,43,Toys,0.1438374986999512,0,Mobile,No,Active,None,0
REC00228,Sofia Thomas,3833168752.0,Capricorn,Purple,Dancing,,6,26.282605512169077,181.75699550105378,0.04543924887526345,30,Niche14,0.34350185026648894,1,Desktop,Yes,Active,None,0
REC00229,Laura Anderson,3306328070.0,Sagittarius,Yellow,Hiking,2.0,10,25.21325102146985,267.4350661087272,0.0668587665271818,7,Niche20,0.3863977989923606,1,Mobile,Yes,Active,None,0
REC00230,Laura Anderson,3706868569.0,Capricorn,White,Music,1.0,13,27.6700761145031,328.41379150119457,0.08210344787529864,19,Niche0,0.23353070178620636,1,Desktop,No,Active,None,0
REC00231,Sofia Moore,3833791890.0,Virgo,Orange,Hiking,13.0,9,28.245017802691237,209.62971834939685,0.052407429587349216,28,Niche18,0.636608215343578,0,Mobile,No,Active,None,0
REC00232,Robert Hernandez,3990682545.0,Aries,Red,Gardening,38.0,8,41.021349306257704,365.5904460645102,0.09139761151612756,16,Fashion,0.4601365661901214,3,Mobile,No,Active,None,0
REC00233,Michael Gonzalez,3983510835.0,Scorpio,Green,Hiking,56.0,8,33.74237277928964,232.8055535622145,0.058201388390553624,3,Home,,0,Mobile,No,Active,None,0
REC00234,Richard Moore,3613912892.0,Scorpio,Blue,Gaming,34.0,14,42.300065805984914,634.3305826914249,0.1585826456728562,14,,0.3224128459772286,2,Mobile,Yes,Active,None,0
REC00235,Laura Hernandez,3261365013.0,Libra,Orange,Dancing,200.0,8,30.56101396006155,243.7820818982004,0.060945520474550104,7,Niche4,0.2570880574661818,2,Desktop,Yes,Active,None,0
REC00236,Carmen Miller,3013732846.0,Aries,Blue,Gaming,23.0,7,109.1528791292603,877.0754035140749,0.21926885087851872,4,Fashion,0.18292171707777638,1,Desktop,No,Active,None,0
REC00237,Maria Ramirez,3630605419.0,Capricorn,White,Photography,24.0,10,77.86027938045773,762.5640598707204,0.1906410149676801,6,Niche10,0.032905613662696565,0,Mobile,No,Active,None,0
REC00238,Ana Ramirez,3402098953.0,Sagittarius,White,Sports,2.0,9,44.66892245909741,380.8013873438954,0.09520034683597385,41,Niche8,,2,Mobile,No,Active,None,0
REC00239,Joseph Brown,3262153012.0,Cancer,Orange,Gardening,45.0,13,30.42524516527244,384.5921145363239,0.09614802863408098,12,Niche20,0.23801446212557892,0,Mobile,No,Active,None,0
REC00240,Michael Johnson,3841276985.0,Virgo,Yellow,Reading,,9,32.93091200328403,264.02228549438684,0.06600557137359671,41,Niche12,0.28639543722637845,2,Mobile,No,Active,None,0
REC00241,Elena Garcia,3434862741.0,Aquarius,Black,Dancing,62.0,9,39.20561500157111,423.1439294990314,0.10578598237475785,3,Niche13,0.27290627058304157,1,Desktop,No,Active,None,0
REC00242,Elena Brown,3718491493.0,Virgo,Orange,Dancing,,12,55.47885377824958,705.9244751438047,0.17648111878595116,21,Niche8,0.4600005054850027,3,Mobile,Yes,Active,None,0
REC00243,Lucia Torres,3994853938.0,Leo,Orange,Cooking,,8,32.79603466466809,213.82129717754592,0.05345532429438648,22,Niche23,0.24756830885222086,1,Mobile,No,Active,None,0
REC00244,Ana Martinez,3156344993.0,Leo,Purple,Hiking,29.0,8,,334.69338466137174,0.08367334616534293,53,Automotive,0.4349176769377237,0,Desktop,Yes,Active,Price,1
REC00245,Richard Torres,3745471496.0,Leo,Red,Gaming,15.0,12,58.535065483214815,657.3922005612438,0.16434805014031095,17,Niche24,0.1375203420080311,0,Desktop,Yes,Active,None,0
REC00246,Robert Torres,3682042193.0,Capricorn,Purple,Music,,7,82.54948926616522,530.8482499859414,0.13271206249648534,24,Electronics,0.23156217799466994,1,Desktop,Yes,Active,None,0
REC00247,Ana Ramirez,3797969019.0,Leo,Orange,Travel,47.0,11,45.84532637264487,515.7472496704465,0.12893681241761162,67,Niche21,0.2516065126170177,2,Mobile,No,Active,None,0
REC00248,Robert Johnson,3990992106.0,Taurus,Blue,Cooking,7.0,4,79.13564904622605,303.7996621953566,0.07594991554883915,1,Niche14,0.30007942623132783,1,Mobile,No,Active,None,0
REC00249,Sofia Brown,3394376943.0,Leo,Orange,Gaming,300.0,8,39.30066696118028,366.73094680424725,0.0916827367010618,21,,0.10801572160200847,1,,No,Active,Competitor,1
REC00250,Robert Hernandez,3490915875.0,Virgo,Pink,Travel,32.0,8,21.40744605315314,156.27183152224933,0.03906795788056233,2,Toys,0.5432957552056031,2,Mobile,Yes,Active,None,0
REC00251,David Wilson,3520200965.0,Libra,Blue,Gardening,43.0,4,34.06987409241808,153.06421175231532,0.03826605293807883,36,Niche20,0.2373542408699103,1,Mobile,Yes,Active,None,0
REC00252,Thomas Torres,3047330923.0,Scorpio,Green,Music,21.0,8,38.39176134328506,338.9547782098758,0.08473869455246896,11,Niche18,0.5294548589503094,2,Tablet,Yes,Active,None,0
REC00253,Maria Torres,3121011076.0,Taurus,Gray,Gaming,53.0,9,70.04758958173728,728.4212747979311,0.1821053186994828,17,,,2,Mobile,No,Active,None,0
REC00254,Lucia Johnson,3209218815.0,Scorpio,Yellow,Cooking,12.0,9,36.55192310891289,314.9650669324407,0.07874126673311017,15,Electronics,0.300781242314954,3,Desktop,No,Active,None,0
REC00255,Lucia Taylor,3305203550.0,Pisces,Pink,Travel,28.0,4,,120.87137752865371,0.030217844382163427,0,Books,,1,Mobile,No,Active,None,0
REC00256,William Lopez,3166852999.0,Cancer,Black,Music,39.0,3,35.87383882057744,123.19460330237294,0.030798650825593236,2,Home,0.2555157495546734,0,Tablet,Yes,Active,None,0
REC00257,Ana Perez,3352644056.0,Gemini,Blue,Dancing,62.0,7,,661.0909464624727,0.1652727366156182,3,Niche19,0.4463934836491774,1,,No,Active,None,0
REC00258,David Taylor,3389016552.0,Scorpio,Yellow,Sports,57.0,13,54.45373969691424,668.9704926236385,0.16724262315590963,25,,0.35359862055826347,0,Desktop,No,Active,None,0
REC00259,Thomas Brown,3124244558.0,Gemini,Yellow,Music,47.0,7,47.84441343072992,281.0862547904786,0.07027156369761965,28,Sports,0.4205005827822707,3,Mobile,No,Active,None,0
REC00260,Isabel Thomas,3098540689.0,Aquarius,Purple,Cooking,,9,29.73231728156834,302.42452559549747,0.07560613139887437,38,Niche24,,1,Desktop,Yes,Active,None,0
REC00261,Carmen Thomas,3211415863.0,Gemini,White,Gardening,58.0,7,41.00319081520397,319.51050860036423,0.07987762715009106,9,Niche20,0.22139518181545123,1,Desktop,No,Active,None,0
REC00262,Laura Miller,3884731037.0,Gemini,Gray,Hiking,71.0,8,15.446316832041914,100.05827169679617,0.02501456792419904,18,Niche24,0.3026539700806055,0,,No,Active,None,0
REC00263,Marta Thomas,3759691519.0,Sagittarius,Yellow,Hiking,70.0,8,,562.8438546924698,0.14071096367311745,24,Niche3,0.3057092910917977,1,Mobile,No,Pending,None,0
REC00264,Marta Hernandez,3974066867.0,Capricorn,Green,Sports,57.0,10,29.16181411250842,257.1334718139953,0.06428336795349883,14,Niche11,0.49547413011165037,1,Desktop,Yes,Active,None,0
REC00265,Maria Thomas,3169945708.0,Pisces,Gray,Sports,,7,15.807012997273553,125.30787232259074,0.03132696808064769,40,Niche4,0.2924420065359763,1,Mobile,Yes,Active,None,0
REC00266,Robert Gonzalez,3316455585.0,Leo,Gray,Gardening,27.0,9,34.68821093044251,252.99867741891745,0.06324966935472937,17,Toys,0.23903774600526226,1,Desktop,Yes,Active,None,0
REC00267,Sofia Hernandez,3173239356.0,Libra,Green,Sports,13.0,11,,1093.907612656886,0.27347690316422146,11,,0.08266910337433797,1,Mobile,No,Active,None,0
REC00268,Richard Brown,3751944199.0,Scorpio,Orange,Sports,53.0,8,59.11901261757809,398.4924305046612,0.09962310762616529,9,Niche5,0.13162277394353536,0,,No,Active,None,0
REC00269,Sofia Gonzalez,3582448674.0,Libra,Green,Photography,28.0,13,49.180246974712155,685.3484735769086,0.17133711839422716,35,Beauty,0.3601313978711179,0,Desktop,No,Active,None,0
REC00270,Thomas Torres,3648110735.0,Aries,Purple,Reading,7.0,11,39.95639859491852,473.240512427701,0.11831012810692525,3,Fashion,0.25547006433797975,1,Mobile,Yes,Active,None,0
REC00271,Carmen Gonzalez,3604520271.0,Aries,Purple,Sports,27.0,8,19.723480164653015,173.7029089787957,0.043425727244698925,10,,0.1480783979098741,0,Mobile,No,Active,None,0
REC00272,Elena Taylor,3037719459.0,Pisces,White,Travel,23.0,4,51.17238697370509,207.91462116523815,0.05197865529130954,43,,0.3113906793043818,1,Desktop,Yes,Active,None,0
REC00273,John Anderson,3178152127.0,Libra,Pink,Photography,33.0,17,31.553185428722255,532.1700190584187,0.13304250476460466,20,Niche4,0.3550699528243601,1,Mobile,No,Active,None,0
REC00274,Robert Sanchez,3114681941.0,Libra,Yellow,Reading,38.0,9,48.85859492506473,522.8559333346782,0.13071398333366954,29,Fashion,0.43061112151195713,2,,No,Active,None,0
REC00275,James Moore,3810773969.0,Aquarius,Red,Sports,30.0,11,132.3672198831472,1482.6737501296004,0.3706684375324001,67,Niche24,0.21152479163558083,1,Desktop,Yes,Active,None,0
REC00276,James Anderson,3205508211.0,Cancer,Orange,Gardening,1.0,9,36.17775347064378,370.79109615406435,0.09269777403851609,1,Niche6,0.07235425837479133,1,Mobile,No,Active,Service,1
REC00277,Ana Perez,3372861925.0,Aries,Orange,Photography,43.0,7,16.626818229342387,108.86351864874801,0.027215879662187,16,Niche23,0.35283028155162205,1,Tablet,No,Active,None,0
REC00278,Ana Taylor,3215188042.0,Taurus,Red,Photography,50.0,16,40.45131089193987,660.2756017333612,0.1650689004333403,0,Niche12,0.1118395168930454,0,Mobile,No,Active,None,0
REC00279,Joseph Moore,3457333149.0,Sagittarius,Yellow,Sports,5.0,9,30.572616000979604,232.7428935978835,0.058185723399470875,19,Automotive,0.05552375680632761,0,Desktop,No,Pending,None,0
REC00280,Lucia Davis,3900179744.0,Gemini,Black,Reading,37.0,11,28.646575276910024,316.70586628874787,0.07917646657218697,0,Toys,0.38118687343774954,1,Mobile,Yes,Active,None,0
REC00281,Charles Sanchez,3773878020.0,Scorpio,Green,Cooking,35.0,11,67.67880260155856,884.7060357034376,0.22117650892585938,8,Electronics,0.5656156648987763,1,Mobile,No,Active,None,0
REC00282,Isabel Wilson,3057717686.0,Scorpio,Yellow,Dancing,,7,52.42301084743788,339.6172901264938,0.08490432253162344,3,Niche5,,2,Mobile,No,Active,None,0
REC00283,Charles Davis,3817022689.0,Sagittarius,Orange,Music,48.0,10,65.61822937770171,526.0202211751176,0.1315050552937794,3,Niche12,0.1716604314173119,2,Mobile,No,Active,None,0
REC00284,Elena Anderson,3853676486.0,Libra,Blue,Photography,40.0,8,18.225817800542043,167.51358253409327,0.041878395633523316,5,Niche2,0.09902866030706022,2,Mobile,Yes,Active,None,0
REC00285,Charles Martinez,3427050520.0,Cancer,Green,Hiking,22.0,14,44.004399412193735,606.9309159531558,0.15173272898828896,61,Automotive,0.4144729768240486,1,,No,Active,None,0
REC00286,Ana Thomas,3116805298.0,Cancer,Green,Photography,32.0,11,76.52673599668947,695.9309397594641,0.17398273493986602,33,Niche13,0.4306737371705919,1,Mobile,No,Active,None,0
REC00287,James Perez,3400247648.0,Leo,Green,Gaming,37.0,4,30.619967060492403,130.01134983530108,0.03250283745882527,49,Niche23,0.5142147899826595,0,Mobile,Yes,Active,None,0
REC00288,Paula Ramirez,3031442677.0,Libra,Blue,Dancing,20.0,13,21.282691014725504,308.1099882704022,0.07702749706760055,40,,0.23935687568271644,0,Mobile,No,Active,None,0
REC00289,Carmen Torres,3598207120.0,Virgo,Gray,Gardening,49.0,10,16.080656927526693,161.97448458592976,0.04049362114648244,3,Niche18,0.6683848326252884,1,,Yes,Active,None,0
REC00290,Elena Brown,3941109596.0,Sagittarius,Gray,Sports,27.0,9,18.948114161464638,145.06590766602798,0.036266476916506994,4,Niche8,0.1259837874600851,1,Desktop,No,Active,None,0
REC00291,Elena Brown,3168632175.0,Virgo,White,Gaming,29.0,13,50.32860620300628,770.6634646236005,0.19266586615590012,12,Electronics,0.32151236777276193,4,Mobile,No,Active,None,0
REC00292,Joseph Lopez,3145245305.0,Pisces,Red,Cooking,68.0,9,28.433685387700283,232.54287058044596,0.05813571764511149,7,Niche8,,0,Desktop,No,Active,None,0
REC00293,Ana Johnson,3355164383.0,Scorpio,White,Travel,47.0,9,54.42824518939536,527.5183037354785,0.13187957593386962,1,Niche1,0.2868410279347426,0,,No,Active,None,0
REC00294,Isabel Garcia,3554191479.0,Cancer,Gray,Gardening,23.0,8,45.639540214309136,401.6970838002879,0.10042427095007198,28,,0.3824263848896504,3,Desktop,No,Active,None,0
REC00295,William Torres,3427865148.0,Gemini,Pink,Gaming,24.0,9,39.954339278509615,354.1653025562133,0.08854132563905333,20,Niche13,0.3416783993704642,1,Desktop,No,Active,None,0
REC00296,James Lopez,3395165864.0,Capricorn,White,Gaming,59.0,14,50.28319869811668,799.4506023195884,0.1998626505798971,16,Niche6,0.17641018689164742,2,Mobile,Yes,Active,Service,1
REC00297,Thomas Gonzalez,3323664285.0,Capricorn,Yellow,Music,55.0,8,44.73997830051317,359.0438443487493,0.08976096108718733,36,Fashion,0.32676453132828753,1,Mobile,No,Active,None,0
REC00298,Elena Garcia,3309246178.0,Pisces,Black,Hiking,,9,,860.1954720453484,0.2150488680113371,40,Books,,3,Mobile,No,Active,None,0
REC00299,Joseph Gonzalez,3208209032.0,Cancer,Yellow,Hiking,7.0,8,85.77960178361683,741.9845742149283,0.1854961435537321,12,Sports,0.3719017505313983,2,Mobile,No,Active,None,0
REC00300,Ana Wilson,3412647158.0,Virgo,Purple,Travel,37.0,10,26.6345428196614,267.6123820166411,0.06690309550416028,3,Home,0.20746783083512504,0,Desktop,Yes,Active,None,0
REC00301,John Miller,3181485753.0,Leo,Blue,Dancing,34.0,15,65.43602747960871,1073.8675385392232,0.26846688463480584,11,Niche14,0.19096545169975043,2,Mobile,Yes,Active,None,0
REC00302,Charles Martinez,3306711926.0,Pisces,Black,Gaming,26.0,8,41.34271797857778,329.9258413922696,0.0824814603480674,3,Niche14,,2,Mobile,No,Active,None,0
REC00303,Lucia Perez,3781629854.0,Scorpio,Green,Travel,47.0,14,73.3387519609466,1183.3019235712488,0.2958254808928122,78,,0.5172428035825846,2,Mobile,No,Active,None,0
REC00304,Sofia Thomas,3083912923.0,Capricorn,Blue,Gaming,,10,,467.07021414038513,0.11676755353509628,26,Niche20,0.236998787221534,1,Tablet,Yes,Active,None,0
REC00305,Ana Thomas,3009906573.0,Leo,Gray,Sports,2.0,7,40.40006231719337,299.6234491940388,0.0749058622985097,11,Niche21,0.15051803121156535,1,Mobile,Yes,Active,None,0
REC00306,Sofia Hernandez,3731423802.0,Gemini,Blue,Cooking,32.0,11,26.396356262232327,324.583463922549,0.08114586598063725,81,Niche3,0.16784493618683077,3,Mobile,No,Active,None,0
REC00307,Thomas Miller,3293481248.0,Aquarius,Orange,Cooking,28.0,8,45.8063827480213,300.3555471056021,0.07508888677640053,4,Niche18,0.15629932173003447,2,Desktop,No,Active,None,0
REC00308,Charles Davis,3220103783.0,Libra,Pink,Sports,6.0,7,52.072125840885356,315.07465200028867,0.07876866300007217,134,Niche13,0.5823903021587858,2,Tablet,No,Active,None,0
REC00309,William Hernandez,3131376271.0,Aries,Red,Gaming,,5,30.43382295456385,127.36300283265437,0.03184075070816359,3,Niche4,0.2986976892696684,2,Mobile,Yes,Active,None,0
REC00310,Sofia Gonzalez,3232474488.0,Cancer,Purple,Reading,,8,24.887936697047348,205.57433794676817,0.05139358448669204,7,Niche1,0.05491912118997791,0,Mobile,Yes,Active,None,0
REC00311,Carmen Thomas,3919847426.0,Aries,Purple,Hiking,29.0,9,46.4817963144751,377.33366204355724,0.0943334155108893,128,Niche6,,1,,No,Active,None,0
REC00312,Lucia Moore,3085965950.0,Leo,Red,Music,16.0,11,56.53461945737791,595.0924927397185,0.14877312318492963,19,Niche17,0.39502986125593637,1,,No,Active,None,0
REC00313,Richard Torres,3054249450.0,Capricorn,Blue,Gaming,13.0,9,77.88785090137463,687.0600507049309,0.1717650126762327,7,Niche16,0.3613184711656559,1,Mobile,No,Active,None,0
REC00314,Paula Wilson,3527643722.0,Cancer,Gray,Music,58.0,5,31.252301890483594,157.15465473196295,0.039288663682990735,53,Grocery,0.09068741773903721,4,Mobile,No,Active,None,0
REC00315,Marta Miller,3604384895.0,Pisces,Gray,Music,49.0,8,,476.85705644136453,0.11921426411034114,47,,0.23242895430982916,0,Desktop,Yes,Active,None,0
REC00316,Lucia Gonzalez,3124317110.0,Pisces,Blue,Travel,22.0,7,92.95478429357762,609.7768994054533,0.1524442248513633,50,Niche19,0.3122175428867583,1,Tablet,No,Active,None,0
REC00317,Lucia Thomas,3540335726.0,Libra,Pink,Hiking,19.0,4,64.98351457657762,230.5079444921275,0.057626986123031874,4,Grocery,,5,Desktop,No,Active,None,0
REC00318,James Hernandez,3906467705.0,Leo,White,Sports,43.0,10,62.088550401723026,529.383989896455,0.13234599747411374,15,Garden,0.3445074575182946,0,Desktop,Yes,Active,None,0
REC00319,Robert Davis,3306623616.0,Sagittarius,Purple,Music,51.0,10,100.96970860542031,911.5910626856158,0.22789776567140396,40,Niche21,0.8613567125232203,2,Mobile,No,Active,None,0
REC00320,Sofia Moore,3736058600.0,Taurus,Purple,Cooking,71.0,8,38.030595013784406,323.679577560478,0.0809198943901195,11,Niche14,0.7638250018519663,3,Mobile,Yes,Active,None,0
REC00321,Lucia Brown,3686930762.0,Gemini,Orange,Dancing,8.0,10,43.74709439167365,503.2533528414994,0.12581333821037485,17,Niche5,0.17650816607605235,0,Mobile,No,Pending,None,0
REC00322,Richard Gonzalez,3728841333.0,Cancer,Gray,Hiking,71.0,10,,174.370452577304,0.043592613144326005,11,Niche11,0.33936531139543324,0,Mobile,Yes,Active,None,0
REC00323,Ana Gonzalez,3854172279.0,Aries,Pink,Hiking,53.0,7,45.21884960917986,373.49996560413956,0.09337499140103489,1,Home,0.3881784395745085,0,Mobile,No,Active,None,0
REC00324,Joseph Martinez,3012229227.0,Gemini,Yellow,Music,68.0,12,21.454122493668418,214.2114633393693,0.053552865834842325,13,Grocery,0.646877117499484,0,Mobile,Yes,Active,None,0
REC00325,Richard Gonzalez,3660355369.0,Capricorn,Red,Hiking,50.0,3,,124.75646251615434,0.031189115629038585,63,Grocery,0.32291560174597256,1,Desktop,No,Active,None,0
REC00326,Elena Gonzalez,3394371940.0,Scorpio,Orange,Cooking,21.0,1,28.53793490785873,28.04445703879834,0.0070111142596995845,4,Niche18,0.08995816274344384,0,,No,Active,None,0
REC00327,Laura Smith,3987554222.0,Virgo,White,Gaming,67.0,5,38.980869446172015,160.54075153306232,0.04013518788326558,16,Fashion,0.5195228732175468,5,Mobile,No,Pending,None,0
REC00328,Robert Garcia,3190677472.0,Pisces,Purple,Travel,36.0,13,30.945356365641267,467.32101128639897,0.11683025282159974,8,Niche20,,0,,Yes,Active,None,0
REC00329,Richard Johnson,3036443119.0,Virgo,Red,Sports,,13,52.645582533218885,630.7052516759632,0.15767631291899079,34,Niche8,0.09787205301226497,2,Mobile,No,Active,None,0
REC00330,Michael Taylor,3563408601.0,Libra,Yellow,Travel,11.0,9,69.45261948427245,657.7239908672744,0.1644309977168186,41,Niche0,0.07584225599477892,0,Mobile,No,Active,None,0
REC00331,Charles Gonzalez,3372794458.0,Scorpio,Gray,Dancing,56.0,6,25.751361704870725,133.79845523393766,0.033449613808484414,43,Niche16,0.21008498299146386,1,,No,Active,None,0
REC00332,James Sanchez,3164208993.0,Scorpio,Green,Dancing,33.0,11,,433.242883291467,0.10831072082286676,15,Grocery,0.08346245881040139,5,Desktop,No,Active,None,0
REC00333,Joseph Garcia,3107768227.0,Virgo,Blue,Dancing,45.0,12,100.72593970063825,1378.4505600242128,0.3446126400060532,9,Niche19,0.04699460184342004,1,Mobile,No,Active,None,0
REC00334,Maria Davis,3776666904.0,Sagittarius,Yellow,Reading,7.0,8,36.25309552591182,248.7934313679262,0.06219835784198155,19,Niche22,0.29639083896864765,1,Mobile,No,Active,None,0
REC00335,Joseph Taylor,3378898007.0,Gemini,Orange,Photography,,10,69.13009013705715,706.4283571693189,0.17660708929232974,41,Niche2,0.40486096384340015,2,Tablet,Yes,Active,None,0
REC00336,James Thomas,3350197054.0,Taurus,Purple,Gaming,19.0,11,36.51985349796991,346.9646496278082,0.08674116240695205,23,,,0,Tablet,No,Pending,None,0
REC00337,Richard Johnson,3676245466.0,Sagittarius,Black,Travel,23.0,10,23.286450736134512,271.199714577854,0.0677999286444635,0,Niche23,0.2926270940464502,0,Mobile,No,Active,None,0
REC00338,Isabel Moore,3693437569.0,Cancer,Yellow,Sports,40.0,8,20.481711468519222,163.0189760757177,0.04075474401892942,18,Home,0.10870279427722129,2,,No,Active,None,0
REC00339,Marta Gonzalez,3252101954.0,Cancer,Black,Photography,61.0,1,41.85305905794642,35.33556740705532,0.008833891851763831,3,Beauty,0.1861989620966769,0,,No,Active,None,0
REC00340,Marta Martinez,3940161395.0,Capricorn,Red,Dancing,45.0,5,79.73222049529797,387.53416859861017,0.09688354214965254,33,,,1,Mobile,No,Active,None,0
REC00341,Marta Hernandez,3906356551.0,Scorpio,Red,Sports,71.0,6,36.19310513592714,201.3294742931142,0.05033236857327855,10,Toys,0.18549311710131816,1,Mobile,Yes,Active,None,0
REC00342,Richard Davis,3219057466.0,Aquarius,White,Cooking,34.0,11,30.81274908107849,313.6092667526738,0.07840231668816845,7,,0.07906878052759221,0,Desktop,No,Active,None,0
REC00343,Thomas Davis,3209096291.0,Taurus,Red,Travel,,7,23.752492229160385,160.22256261270408,0.040055640653176024,63,Niche1,0.6112828328091453,1,Tablet,Yes,Active,None,0
REC00344,Laura Thomas,3683122480.0,Virgo,Purple,Dancing,26.0,6,83.51212152936164,519.5098448540026,0.12987746121350066,8,,0.31422208059288265,1,Desktop,Yes,Active,None,0
REC00345,Carmen Lopez,3400498916.0,Aries,Gray,Reading,17.0,9,,173.703357232636,0.043425839308159,24,Sports,0.5764357515141332,0,Mobile,Yes,Active,None,0
REC00346,Maria Moore,3640781642.0,Scorpio,White,Sports,58.0,7,59.21048514622175,361.1586949985505,0.09028967374963763,43,Niche20,0.22785215837773942,3,Mobile,Yes,Active,None,0
REC00347,Thomas Miller,3831664809.0,Aquarius,Red,Photography,,9,50.53666704056508,415.7895765155616,0.1039473941288904,17,Garden,0.3629608106486268,2,Mobile,No,Active,None,0
REC00348,John Gonzalez,3905493205.0,Aries,Yellow,Dancing,27.0,4,52.79656676948258,188.5224542398198,0.04713061355995495,15,Niche4,0.26272176196504027,2,Mobile,No,Active,None,0
REC00349,Marta Taylor,3357480155.0,Scorpio,Orange,Reading,61.0,7,,493.1391821206537,0.12328479553016342,112,Fashion,0.12175183653726461,1,Mobile,Yes,Active,None,0
REC00350,Maria Miller,3422843445.0,Sagittarius,Pink,Hiking,55.0,8,25.216225301844336,230.6616816517155,0.057665420412928874,6,Electronics,0.3074232081904994,1,Desktop,No,Active,None,0
REC00351,Richard Taylor,3540984971.0,Aries,Gray,Travel,39.0,11,,478.5785362427393,0.11964463406068482,17,Niche18,0.2067906571676683,1,Tablet,No,Active,None,0
REC00352,Isabel Moore,3100211906.0,Sagittarius,Gray,Photography,46.0,6,31.301046808317896,166.29480192619442,0.041573700481548605,11,Fashion,0.16421524488016753,0,Mobile,No,Active,None,0
REC00353,Lucia Martinez,3676100776.0,Scorpio,Orange,Cooking,,10,59.952381680222175,594.1521809599624,0.1485380452399906,8,Niche24,0.064856089041279,1,Desktop,Yes,Active,None,0
REC00354,David Perez,3547154354.0,Scorpio,Blue,Reading,46.0,4,46.545365790985095,178.57981857858465,0.04464495464464616,1,Niche3,0.23111340611822473,0,Desktop,No,Pending,None,0
REC00355,Isabel Martinez,3955341396.0,Scorpio,Purple,Sports,40.0,9,31.766531602201564,280.68069383193966,0.07017017345798492,18,Fashion,0.09611682104377801,4,,Yes,Active,None,0
REC00356,Michael Taylor,3020359748.0,Libra,Red,Sports,70.0,7,83.92248297150279,700.9405819149531,0.17523514547873828,29,Niche21,,0,Mobile,No,Active,None,0
REC00357,John Perez,3375787182.0,Aries,Gray,Reading,55.0,9,45.69091008114303,447.1542075492385,0.11178855188730963,15,Niche5,0.11009100891400006,2,Mobile,No,Active,None,0
REC00358,Thomas Perez,3594245643.0,Cancer,Black,Photography,54.0,8,84.52122603264027,640.7191087234615,0.16017977718086537,2,Niche20,0.23835891291393482,0,Tablet,Yes,Active,None,0
REC00359,John Torres,3347568867.0,Aries,Black,Reading,37.0,8,,288.8930235468487,0.07222325588671218,4,Niche23,0.7339331257130277,1,Desktop,No,Active,None,0
REC00360,Thomas Moore,3557263438.0,Virgo,Black,Reading,27.0,11,62.946449365485066,637.7399229202042,0.15943498073005105,11,Books,0.3107025191322177,0,Desktop,Yes,Active,None,0
REC00361,Charles Gonzalez,3151864221.0,Capricorn,Blue,Gardening,3.0,10,,255.89174284873806,0.06397293571218451,29,Home,0.18282489279986805,1,Tablet,Yes,Active,None,0
REC00362,Paula Wilson,3851276006.0,Scorpio,Black,Gardening,,5,,95.49530957444114,0.023873827393610283,29,Books,,1,Mobile,Yes,Active,Other,1
REC00363,James Moore,3099612130.0,Aries,Black,Reading,67.0,9,,383.7463610224821,0.09593659025562053,31,Niche12,0.15055377590773691,1,Mobile,No,Active,None,0
REC00364,Ana Hernandez,3797102470.0,Virgo,Gray,Gaming,13.0,12,39.65470556504318,408.27295604282625,0.10206823901070657,17,Niche0,0.17147151916109335,2,Mobile,Yes,Active,None,0
REC00365,Carmen Moore,3675306143.0,Aries,Yellow,Cooking,,7,32.207716238104425,209.44454065966707,0.052361135164916764,49,Niche14,0.49254195229013226,3,Mobile,Yes,Active,None,0
REC00366,Lucia Taylor,3020700236.0,Taurus,Purple,Dancing,27.0,11,50.41721311855986,595.6627982345673,0.1489156995586418,6,Niche8,0.21812768284729855,3,,No,Active,None,0
REC00367,James Garcia,3536440579.0,Cancer,Orange,Cooking,68.0,9,88.94710395298196,690.151540257386,0.1725378850643465,50,,0.10619845674873196,0,Mobile,No,Active,None,0
REC00368,Isabel Smith,3503350692.0,Scorpio,Blue,Music,32.0,5,37.55681926129715,180.91851925519214,0.045229629813798036,24,Sports,,1,,No,Active,None,0
REC00369,James Garcia,3054733769.0,Scorpio,Yellow,Sports,19.0,9,22.65268762997189,179.92456614989436,0.04498114153747359,13,Niche3,0.05623235466490975,1,Desktop,Yes,Active,None,0
REC00370,Sofia Moore,3286886370.0,Libra,White,Cooking,42.0,9,52.10449478599796,-1000.0,0.1292264402728278,38,Books,0.0893091997961205,0,,No,Active,None,0
REC00371,Maria Miller,3897452035.0,Leo,Gray,Reading,,9,23.25429893518527,196.74534796531884,0.04918633699132971,29,Niche15,,1,Mobile,Yes,Active,None,0
REC00372,Michael Wilson,3388661262.0,Leo,Green,Travel,68.0,10,44.70020422532253,433.0352205093999,0.10825880512734998,18,,0.07164615721461444,0,Mobile,No,Active,None,0
REC00373,Thomas Garcia,3362752406.0,Sagittarius,Gray,Gardening,4.0,11,33.2789794072394,399.7122446812032,0.0999280611703008,29,,0.5784746543738976,2,Mobile,No,Active,Other,1
REC00374,David Thomas,3608673182.0,Aquarius,White,Sports,32.0,11,50.16306663415404,538.3144097635278,0.13457860244088196,10,Niche17,0.2980991805634309,2,Mobile,No,Active,None,0
REC00375,Maria Johnson,3372574304.0,Scorpio,Orange,Hiking,68.0,7,,388.7263937549984,0.0971815984387496,6,Niche17,0.2526831933275777,5,Mobile,Yes,Active,None,0
REC00376,Laura Hernandez,3247673128.0,Libra,Green,Gaming,68.0,8,53.03174208187325,358.3800255906381,0.08959500639765954,2,Niche23,0.308989836965559,4,,No,Active,None,0
REC00377,Lucia Thomas,3618726028.0,Pisces,Gray,Cooking,43.0,13,41.37103099520853,499.5790102650243,0.12489475256625607,9,Niche6,0.5123991120231035,0,Mobile,Yes,Active,None,0
REC00378,Michael Johnson,3357120032.0,Scorpio,Black,Sports,24.0,10,22.645325395573362,255.50428498438094,0.06387607124609523,8,Niche6,0.36723321595389186,2,Desktop,No,Active,None,0
REC00379,Sofia Perez,3573136152.0,Gemini,Orange,Photography,25.0,16,,776.6771524992608,0.1941692881248152,3,Niche11,0.19269450545736463,2,Desktop,No,Active,None,0
REC00380,Maria Wilson,3961298986.0,Sagittarius,Red,Music,69.0,7,47.633094857207375,302.7289583288194,0.07568223958220484,13,Home,,2,Mobile,Yes,Active,None,0
REC00381,Charles Anderson,3821502465.0,Aquarius,Blue,Hiking,41.0,7,34.0242836128197,274.28219892491984,0.06857054973122996,41,Niche11,0.17318914043393444,2,Desktop,Yes,Active,None,0
REC00382,Marta Brown,3183806038.0,Virgo,Blue,Gardening,,10,45.40593922202617,522.3762461120989,0.13059406152802472,43,Niche23,0.06863533576516112,2,Mobile,Yes,Active,None,0
REC00383,Lucia Rodriguez,3841677472.0,Gemini,White,Music,69.0,6,39.74661245808642,234.67265412190926,0.05866816353047732,2,,0.3251664340790579,1,Mobile,Yes,Active,None,0
REC00384,Charles Torres,3266394134.0,Pisces,White,Sports,23.0,7,25.553019403056382,184.5005675478502,0.04612514188696255,30,Niche10,,0,Tablet,Yes,Active,None,0
REC00385,Elena Brown,3664551428.0,Gemini,Black,Hiking,50.0,7,56.42134821835353,354.0587995598926,0.08851469988997314,57,Niche19,0.27289768820365196,0,Tablet,Yes,Active,None,0
REC00386,John Garcia,3453302348.0,Virgo,Pink,Hiking,69.0,6,22.66907885241588,149.76707944745638,0.037441769861864094,0,Sports,0.1657098225480547,1,,No,Active,None,0
REC00387,John Wilson,3278132225.0,Scorpio,Red,Photography,41.0,10,46.43369038186132,400.7799171084425,0.10019497927711062,27,Niche6,,2,,No,Active,None,0
REC00388,Isabel Wilson,3557076857.0,Sagittarius,Black,Gardening,25.0,7,48.34480404631169,370.1167211292858,0.09252918028232145,144,Toys,0.49610422053929576,4,Desktop,Yes,Active,None,0
REC00389,John Wilson,3333803061.0,Leo,Black,Dancing,46.0,3,36.794973670742806,92.11914318332809,0.023029785795832022,24,Niche24,0.5123891522506594,2,Mobile,Yes,Active,None,0
REC00390,Michael Anderson,3017936166.0,Taurus,White,Music,1.0,12,46.546210501909464,617.5224616661166,0.15438061541652914,4,Home,0.6169176930460152,1,Mobile,No,Active,None,0
REC00391,Thomas Lopez,3247677200.0,Aquarius,Orange,Dancing,27.0,9,52.28535335403919,414.9089489631001,0.10372723724077502,13,Home,,0,Mobile,Yes,Active,None,0
REC00392,Charles Hernandez,3337583720.0,Capricorn,Blue,Reading,41.0,8,79.71636404100786,746.4145061557598,0.18660362653893994,0,Grocery,0.28175459084414867,0,Mobile,No,Active,None,0
REC00393,William Taylor,3863454488.0,Leo,Pink,Sports,,11,64.78685252962762,698.3308762081656,0.1745827190520414,24,Niche10,0.27875559073938927,0,Mobile,No,Active,None,0
REC00394,Lucia Gonzalez,3302350432.0,Pisces,Green,Hiking,28.0,8,,233.22381775472928,0.05830595443868232,67,Books,0.2935508506212149,1,Mobile,Yes,Active,None,0
REC00395,William Brown,3619414589.0,Scorpio,Gray,Gardening,17.0,5,68.89574115801042,387.09981122552847,0.09677495280638211,25,Niche23,,1,Desktop,No,Active,None,0
REC00396,Charles Gonzalez,3759376604.0,Sagittarius,Gray,Sports,38.0,12,88.89491891502693,872.2662999546277,0.21806657498865692,16,Niche4,0.2880370558702634,0,Desktop,No,Active,None,0
REC00397,Thomas Sanchez,3424111367.0,Gemini,Orange,Gaming,40.0,7,42.55925802838824,329.19687078866775,0.08229921769716694,7,Niche15,0.11900316212108976,2,Desktop,No,Active,None,0
REC00398,Ana Sanchez,3154890881.0,Aries,Blue,Photography,44.0,8,139.785975776238,1012.8922400930367,0.25322306002325917,11,Niche2,0.1224763338898277,0,Mobile,No,Active,None,0
REC00399,Charles Anderson,3916506462.0,Virgo,Orange,Reading,64.0,5,35.41071895278744,156.49418045251807,0.039123545113129515,0,Niche17,0.2915970968934798,1,Mobile,Yes,Active,None,0
REC00400,Robert Torres,3044703705.0,Taurus,Blue,Hiking,67.0,8,43.90559308590072,389.7344515239259,0.09743361288098147,13,Niche16,0.09556056536014593,0,Mobile,No,Active,None,0
REC00401,Thomas Garcia,3156326158.0,Scorpio,Black,Reading,45.0,7,48.09046526243587,-1000.0,0.08336574855727556,3,Niche2,0.38043893650864974,0,Mobile,Yes,Active,None,0
REC00402,Elena Johnson,3116998409.0,Pisces,Black,Travel,33.0,9,60.10090536037009,625.573037260886,0.15639325931522152,22,Beauty,0.4877986536574571,2,,Yes,Active,None,0
REC00403,James Garcia,3758245477.0,Pisces,White,Gaming,,9,71.31791326917677,562.662969036869,0.14066574225921724,22,Automotive,0.154788544920763,0,Desktop,No,Active,None,0
REC00404,Thomas Sanchez,3098659669.0,Sagittarius,Yellow,Photography,62.0,16,117.84438474297367,1992.387213368789,0.49809680334219725,10,Niche11,0.19189360744438294,1,,No,Active,None,0
REC00405,Lucia Johnson,3535852705.0,Cancer,Purple,Photography,16.0,10,75.61890056944506,793.7903405836422,0.19844758514591054,37,Niche0,0.20349345658559528,3,,Yes,Active,None,0
REC00406,Isabel Lopez,3314306666.0,Gemini,Blue,Gaming,66.0,6,37.59614981729767,255.12686215785772,0.06378171553946443,41,Niche23,0.0918640532137182,0,Tablet,Yes,Active,Other,1
REC00407,Marta Ramirez,3868504575.0,Cancer,Yellow,Music,15.0,7,51.07037510588745,383.1900168104956,0.0957975042026239,13,Electronics,0.3508009263255857,2,Mobile,No,Active,None,0
REC00408,Charles Torres,3439038540.0,Leo,Red,Gaming,4.0,7,53.5090065302584,345.59391300365166,0.08639847825091292,3,Niche2,0.5037672245917096,0,Desktop,Yes,Active,None,0
REC00409,Robert Brown,3808755166.0,Aries,Gray,Hiking,5.0,7,,622.7028301385204,0.15567570753463011,34,Automotive,0.2672713731354506,1,Desktop,No,Active,None,0
REC00410,Charles Wilson,3504462770.0,Pisces,Gray,Sports,24.0,9,91.71071747974555,947.478795757634,0.23686969893940849,17,Niche4,,2,Mobile,Yes,Active,None,0
REC00411,David Garcia,3720235622.0,Cancer,Purple,Hiking,11.0,7,36.311321413800265,290.04366853590955,0.07251091713397739,40,Niche24,0.2144924788609083,0,Mobile,No,Active,None,0
REC00412,Joseph Smith,3977700540.0,Gemini,Green,Gardening,40.0,6,43.25702478050707,297.71370524091446,0.07442842631022861,6,Niche9,0.27948762416069944,0,Tablet,Yes,Active,None,0
REC00413,Ana Moore,3778626877.0,Sagittarius,White,Gardening,38.0,13,23.106948826854232,-1000.0,0.07613144747568641,20,Niche5,0.21892646934353543,2,Desktop,Yes,Active,None,0
REC00414,Maria Brown,3725544194.0,Libra,Red,Hiking,,8,,544.5450910112662,0.13613627275281656,3,Niche24,0.4170551237663873,0,,No,Active,None,0
REC00415,Joseph Anderson,3825391061.0,Gemini,Gray,Travel,,8,31.957381008433146,227.99922847448238,0.05699980711862059,25,Niche22,0.08735999985133823,1,Mobile,Yes,Active,None,0
REC00416,Joseph Davis,3640961423.0,Aquarius,Black,Reading,,9,28.460763983292647,301.52036721717974,0.07538009180429493,28,Niche23,0.2587701267325115,0,Tablet,No,Active,None,0
REC00417,Charles Miller,3392855610.0,Pisces,Yellow,Dancing,,10,26.13705774362831,265.1172488190303,0.06627931220475758,74,Niche0,0.17224640296285537,3,Mobile,Yes,Active,Competitor,1
REC00418,Isabel Perez,3073941981.0,Taurus,Blue,Music,40.0,9,34.18120738800678,326.3234944890402,0.08158087362226005,43,Niche0,,1,Mobile,No,Active,None,0
REC00419,Thomas Johnson,3883197236.0,Sagittarius,Blue,Gaming,49.0,10,45.172686362006225,467.68567211894094,0.11692141802973524,5,,0.3100781840960828,0,Tablet,Yes,Active,None,0
REC00420,Laura Sanchez,3820211959.0,Cancer,Blue,Reading,16.0,12,46.38514914501185,474.3248046356643,0.11858120115891607,17,Electronics,0.2215531758971768,3,Desktop,No,Pending,Competitor,1
REC00421,Lucia Sanchez,3636591899.0,Aquarius,Blue,Gaming,41.0,11,34.173515924365205,427.56091683268664,0.10689022920817166,83,Books,0.15081631982157534,3,Desktop,No,Active,Service,1
REC00422,James Brown,3323588135.0,Leo,Orange,Sports,71.0,11,42.154291508725706,435.0738297644822,0.10876845744112054,5,Niche13,0.2873453950723612,3,Mobile,Yes,Active,None,0
REC00423,John Anderson,3106719146.0,Pisces,White,Travel,7.0,8,36.46022096313881,343.5233790604966,0.08588084476512416,4,Niche11,0.17201057764176844,2,Mobile,No,Active,None,0
REC00424,Joseph Lopez,3016299960.0,Scorpio,White,Music,2.0,6,,367.85637057147164,0.09196409264286791,9,Niche1,0.17113541119281125,0,Mobile,Yes,Active,None,0
REC00425,Joseph Martinez,3613111777.0,Gemini,Pink,Gaming,54.0,15,85.78912157894604,1095.5754761902788,0.2738938690475697,50,Niche13,0.21442447136088746,2,Mobile,No,Active,None,0
REC00426,Ana Brown,3172438389.0,Aquarius,Green,Reading,48.0,8,61.13664891175122,440.32152161561663,0.11008038040390415,10,Beauty,0.4869396761335632,0,,No,Active,None,0
REC00427,James Perez,3607573230.0,Sagittarius,Blue,Dancing,71.0,5,90.80126172316633,439.5529340314555,0.10988823350786388,33,,0.2571892394327907,0,,Yes,Active,None,0
REC00428,Thomas Moore,3702240088.0,Gemini,Black,Dancing,24.0,8,69.94387777110776,548.213624522754,0.1370534061306885,13,Niche1,0.7125332609718349,0,,Yes,Active,None,0
REC00429,Lucia Torres,3058536289.0,Scorpio,Pink,Reading,26.0,10,32.41016590747317,267.1098216878411,0.06677745542196027,25,Niche11,0.11762856843058926,0,Desktop,Yes,Active,None,0
REC00430,Maria Gonzalez,3394184356.0,Leo,White,Reading,47.0,12,43.28174077388962,440.162097376852,0.11004052434421299,6,Niche14,0.45481395123426716,3,Mobile,Yes,Active,Price,1
REC00431,Ana Perez,3910503803.0,Leo,Red,Gardening,,10,56.36926606864576,502.503261277626,0.1256258153194065,17,Niche14,0.16089816628675127,2,Mobile,Yes,Active,None,0
REC00432,Marta Garcia,3075271937.0,Capricorn,Gray,Gardening,,7,123.19630650555699,925.3418329992828,0.2313354582498207,2,Niche20,0.37557716644368594,1,Mobile,No,Pending,None,0
REC00433,Laura Wilson,3656112141.0,Aries,Green,Gardening,53.0,7,50.37101384941048,300.60725717266916,0.0751518142931673,24,Grocery,0.09614424226893703,1,Mobile,No,Pending,None,0
REC00434,Michael Gonzalez,3814081133.0,Taurus,Green,Photography,20.0,7,51.46081732208041,394.88594846183383,0.09872148711545846,15,,0.6790662398379244,0,,No,Active,None,0
REC00435,Robert Lopez,3618823506.0,Scorpio,Yellow,Travel,63.0,7,30.03423988769335,222.0000124366092,0.055500003109152304,5,Niche21,0.10025580050902534,3,Desktop,Yes,Active,None,0
REC00436,John Moore,3488632969.0,Libra,Red,Cooking,1.0,9,19.134237882892688,173.4780395731927,0.04336950989329817,19,Fashion,0.06299064014563055,1,Mobile,Yes,Active,None,0
REC00437,Marta Gonzalez,3100212461.0,Libra,Purple,Gardening,65.0,9,28.70749236367416,257.5750079743269,0.06439375199358173,8,Niche22,,2,Mobile,No,Active,None,0
REC00438,Ana Johnson,3725157454.0,Capricorn,Green,Photography,,6,29.676501593085344,187.60653638416224,0.04690163409604056,8,Niche5,0.34434516098390533,1,Mobile,Yes,Active,None,0
REC00439,Carmen Brown,3351191118.0,Pisces,Blue,Reading,6.0,10,59.30090671092357,598.6300994292278,0.14965752485730696,5,Niche3,0.2060614625609011,1,Mobile,No,Pending,None,0
REC00440,Thomas Hernandez,3300140965.0,Sagittarius,Red,Photography,54.0,8,50.13833808986481,326.59477742466083,0.0816486943561652,42,,0.13550346166626276,0,Mobile,No,Active,None,0
REC00441,Michael Wilson,3514558591.0,Capricorn,Gray,Dancing,,8,,305.05421226186905,0.07626355306546727,49,,0.14277915928073762,1,Mobile,No,Active,None,0
REC00442,Maria Martinez,3553614946.0,Aries,Orange,Photography,10.0,8,57.93841478784503,400.53000518309057,0.10013250129577264,25,Electronics,0.3158029742162902,2,Tablet,Yes,Active,None,0
REC00443,Marta Ramirez,3790535908.0,Gemini,Black,Reading,36.0,15,42.828508585202655,734.6080363040144,0.1836520090760036,24,Sports,0.5534932651377935,1,Mobile,Yes,Active,Other,1
REC00444,Robert Wilson,3419575843.0,Pisces,Orange,Reading,9.0,7,64.14244985049459,360.60936279670125,0.09015234069917531,12,Niche22,0.27501483661867204,0,Mobile,Yes,Active,None,0
REC00445,James Perez,3133236917.0,Cancer,Gray,Music,46.0,14,26.145963619784816,303.8739415017801,0.07596848537544502,62,Niche10,0.05334443747897217,1,Mobile,Yes,Active,None,0
REC00446,Isabel Thomas,3468385456.0,Scorpio,White,Gardening,23.0,9,32.84568990728437,318.9892805582354,0.07974732013955885,72,Home,0.1921778527458864,0,Desktop,No,Active,None,0
REC00447,David Anderson,3694174475.0,Libra,Purple,Hiking,54.0,6,32.44719120596357,225.5884118688235,0.056397102967205875,28,,0.33683180555135167,0,Desktop,No,Active,None,0
REC00448,Michael Anderson,3619310968.0,Aries,Yellow,Dancing,69.0,13,119.31783927114434,1804.9368657719476,0.4512342164429869,10,Niche0,0.37493201797648673,3,Desktop,No,Active,None,0
REC00449,Maria Hernandez,3277498458.0,Taurus,Gray,Gardening,49.0,13,,260.3760933129285,0.06509402332823212,30,Niche11,0.08361450007699427,3,Desktop,No,Active,None,0
REC00450,Marta Brown,3215519519.0,Taurus,Blue,Sports,11.0,10,46.017769038647195,515.0520305892042,0.12876300764730103,16,Niche6,0.13500404026649224,1,Mobile,Yes,Active,None,0
REC00451,John Lopez,3239309032.0,Libra,Purple,Gardening,8.0,8,30.486363692646712,237.2302116139714,0.05930755290349285,5,Niche13,0.3570118201022401,2,Mobile,Yes,Active,None,0
REC00452,Marta Smith,3952438825.0,Sagittarius,White,Photography,27.0,5,53.06150729707103,269.767056880988,0.06744176422024699,4,Toys,0.3882872968699769,1,,No,Active,None,0
REC00453,Joseph Torres,3224194062.0,Cancer,Green,Sports,14.0,5,50.12336410866064,290.6372876981962,0.07265932192454905,5,Niche23,0.2601469886741152,2,Mobile,No,Active,None,0
REC00454,Sofia Lopez,3622028327.0,Sagittarius,Black,Cooking,6.0,10,69.47930958773756,701.7359002542987,0.17543397506357467,29,Grocery,0.1471636336573345,0,Desktop,Yes,Active,None,0
REC00455,Ana Smith,3581505927.0,Libra,Yellow,Gardening,54.0,8,23.787351694153912,210.05328494696718,0.052513321236741795,25,Electronics,0.1154208961530055,2,Mobile,No,Active,None,0
REC00456,David Thomas,3056140266.0,Scorpio,Blue,Cooking,25.0,3,41.17010210970025,121.87553910386077,0.030468884775965193,7,Niche8,0.24009072437730683,2,,Yes,Active,Competitor,1
REC00457,Maria Hernandez,3698638285.0,Capricorn,Red,Photography,42.0,10,,183.4308228908093,0.04585770572270233,35,Niche15,0.3263520960202377,0,,No,Active,None,0
REC00458,William Anderson,3235674653.0,Aquarius,Purple,Travel,,6,56.40081448018878,311.6915930178551,0.07792289825446377,78,,0.39892776720163775,2,Mobile,Yes,Pending,None,0
REC00459,Sofia Anderson,3769893991.0,Aries,Green,Travel,61.0,7,46.00952865378523,338.6188649566487,0.08465471623916217,0,Niche3,0.11997834686065505,0,Mobile,No,Active,None,0
REC00460,William Anderson,3838275726.0,Virgo,Blue,Cooking,43.0,10,83.93267968659025,965.4761362972973,0.24136903407432433,4,Niche14,,2,Mobile,No,Active,Price,1
REC00461,Michael Gonzalez,3465474208.0,Cancer,Yellow,Music,6.0,7,37.7103337017975,239.73300719936822,0.059933251799842054,31,Niche10,0.4808822085142616,2,Desktop,Yes,Active,None,0
REC00462,Richard Taylor,3755138302.0,Capricorn,Orange,Travel,63.0,8,64.68265133928861,475.27768982617914,0.11881942245654478,29,,0.29951193100740914,1,Desktop,No,Active,None,0
REC00463,David Taylor,3727018811.0,Gemini,Gray,Cooking,7.0,6,61.72477480577536,296.66536039591256,0.07416634009897814,6,Niche19,0.08961939760492621,2,Mobile,Yes,Active,None,0
REC00464,Paula Garcia,3037069732.0,Leo,Blue,Hiking,30.0,5,39.61427207138244,180.28740294741925,0.04507185073685481,38,,0.5217059420904169,3,Desktop,Yes,Active,None,0
REC00465,Lucia Anderson,3389417450.0,Gemini,Purple,Gaming,,12,27.836054923591714,393.3609155760244,0.09834022889400611,3,,0.2642299477856672,1,Tablet,No,Active,None,0
REC00466,Elena Davis,3495286382.0,Gemini,White,Dancing,11.0,10,32.51799500263739,363.3641332944033,0.09084103332360083,21,Niche23,0.32057811510120005,0,Mobile,No,Active,None,0
REC00467,Carmen Ramirez,3323490944.0,Pisces,Gray,Dancing,48.0,9,33.68080900243061,338.64524463986817,0.08466131115996704,20,Niche19,,1,Desktop,No,Active,Competitor,1
REC00468,Paula Miller,3876821138.0,Aquarius,Yellow,Music,,12,12.304643287691762,168.51715452002438,0.0421292886300061,31,Niche10,,0,Mobile,Yes,Active,None,0
REC00469,Elena Wilson,3007640024.0,Leo,Purple,Hiking,27.0,7,42.093478193649894,343.24335107789693,0.08581083776947424,48,Sports,0.22946237531485214,0,Mobile,No,Active,None,0
REC00470,Sofia Wilson,3458952901.0,Capricorn,Gray,Hiking,25.0,9,63.88117102618045,526.6128137487971,0.13165320343719927,49,Niche23,0.49913342309406583,1,Desktop,Yes,Active,None,0
REC00471,John Martinez,3914028229.0,Cancer,Red,Gaming,71.0,13,41.13200087836106,541.1094580777592,0.1352773645194398,31,,0.22695523563904818,2,Desktop,No,Active,None,0
REC00472,Paula Anderson,3081037572.0,Aquarius,Pink,Cooking,42.0,7,40.09315072105973,257.15189964304307,0.06428797491076077,47,Niche6,0.3502410257547159,1,Mobile,Yes,Active,None,0
REC00473,John Thomas,3430811983.0,Virgo,Pink,Music,54.0,6,21.75493819993902,133.5825210018766,0.03339563025046915,42,Niche11,0.41308582827220225,1,Mobile,No,Active,None,0
REC00474,Sofia Hernandez,3351787237.0,Libra,Pink,Hiking,54.0,9,35.081723857284956,303.4554971278537,0.07586387428196342,57,Niche18,0.36359062960130556,0,Desktop,Yes,Active,None,0
REC00475,Isabel Brown,3361127149.0,Taurus,Purple,Gardening,32.0,8,83.01105262093189,787.5841862184086,0.19689604655460216,3,Niche24,0.17326334553572317,0,Desktop,Yes,Active,None,0
REC00476,Maria Wilson,3116256391.0,Libra,Blue,Reading,17.0,14,27.120653546844814,432.6430871219574,0.10816077178048936,2,Niche20,0.6780522304994218,0,Mobile,No,Active,None,0
REC00477,Joseph Miller,3033329132.0,Virgo,White,Reading,39.0,3,20.295867142279548,69.53927432999457,0.017384818582498643,32,Books,0.4569060381881536,2,Mobile,Yes,Active,Price,1
REC00478,Elena Perez,3379816254.0,Pisces,Black,Sports,32.0,8,80.04929542881753,519.0452702240492,0.1297613175560123,15,Niche10,0.17877483966637267,1,Mobile,No,Active,None,0
REC00479,Richard Thomas,3682877196.0,Gemini,Pink,Sports,37.0,14,38.58776506713314,633.4466967735375,0.15836167419338437,44,Niche3,,0,Mobile,No,Active,None,0
REC00480,Laura Wilson,3045687615.0,Libra,Red,Travel,,12,45.09310956957444,636.8431023789855,0.15921077559474636,18,Niche0,0.4141415161208952,0,,No,Active,None,0
REC00481,James Thomas,3987305864.0,Gemini,White,Reading,32.0,10,122.21855999739192,1400.6508344790982,0.35016270861977455,107,Toys,0.04895810150577971,3,Mobile,No,Active,None,0
REC00482,Richard Moore,3595976124.0,Sagittarius,Black,Photography,8.0,9,55.08740103613929,557.75248676517,0.13943812169129252,2,Books,0.0887339408846179,2,Mobile,No,Active,None,0
REC00483,Lucia Miller,3974149732.0,Cancer,Green,Travel,66.0,6,60.81803600705918,305.6160426360196,0.0764040106590049,22,,0.11982754678553248,1,Desktop,Yes,Active,None,0
REC00484,Joseph Hernandez,3071656850.0,Sagittarius,Purple,Music,14.0,9,23.167979446564612,211.54443732516506,0.052886109331291266,16,Niche18,,3,Mobile,No,Active,None,0
REC00485,Marta Ramirez,3110170787.0,Cancer,Blue,Gardening,20.0,13,,1173.218527434039,0.29330463185850975,5,Niche3,0.28025432577899806,0,,No,Active,None,0
REC00486,Robert Martinez,3643589936.0,Aquarius,Pink,Travel,53.0,8,24.755142506990524,185.2025832898437,0.04630064582246092,44,Niche3,0.22418956574919477,1,Mobile,No,Active,None,0
REC00487,Carmen Taylor,3868376979.0,Aquarius,Black,Music,18.0,6,14.577257354752321,73.64022091574905,0.018410055228937263,31,Niche4,0.38658181623240756,1,Tablet,No,Active,None,0
REC00488,Elena Sanchez,3650269453.0,Capricorn,Pink,Gardening,,11,56.41347889702708,511.8139333909449,0.12795348334773624,8,Niche11,0.15844130647983967,1,Desktop,No,Active,None,0
REC00489,Carmen Johnson,3371476698.0,Virgo,Green,Cooking,62.0,11,47.848492181885106,481.256814057392,0.12031420351434799,4,,0.1454889560506074,0,Desktop,No,Active,None,0
REC00490,Michael Perez,3015611240.0,Libra,Orange,Sports,71.0,6,,293.6975033745613,0.07342437584364032,16,Niche1,0.39081114784713855,0,Tablet,Yes,Active,None,0
REC00491,William Moore,3908726698.0,Aquarius,Gray,Dancing,18.0,9,29.06984937871205,307.6225056307557,0.07690562640768893,2,Niche17,0.2434135835374474,2,,No,Active,None,0
REC00492,Thomas Hernandez,3246457964.0,Libra,Orange,Dancing,,9,31.48602183121103,322.97097446023594,0.08074274361505898,3,,0.21390788880420214,0,,No,Active,None,0
REC00493,Joseph Brown,3994812472.0,Sagittarius,Red,Reading,25.0,8,28.99904669860455,238.5614639563237,0.05964036598908093,5,Garden,0.3002897667190605,0,,Yes,Active,None,0
REC00494,Laura Johnson,3291368353.0,Libra,Yellow,Gaming,34.0,11,99.60831810547988,892.9028189936065,0.22322570474840162,3,Niche24,0.5070872873426339,1,,No,Active,None,0
REC00495,Richard Taylor,3592750343.0,Aries,Yellow,Hiking,20.0,9,27.48820667818908,227.68924979045843,0.05692231244761461,32,Electronics,0.6156510554415742,0,Tablet,Yes,Active,None,0
REC00496,Elena Thomas,3552348678.0,Scorpio,Pink,Gardening,,7,30.614329095843253,177.3778698335978,0.04434446745839945,10,Beauty,,0,Mobile,No,Active,None,0
REC00497,Ana Perez,3197067968.0,Capricorn,Green,Reading,49.0,14,43.04676592722798,532.4238626909256,0.1331059656727314,6,Niche23,0.150286058239875,3,Desktop,No,Active,None,0
REC00498,Marta Hernandez,3112929141.0,Cancer,Orange,Hiking,300.0,9,24.831309636731863,241.74851023653454,0.060437127559133635,4,Niche24,0.11874688832687219,4,Desktop,Yes,Active,None,0
REC00499,Carmen Gonzalez,3450021442.0,Gemini,Purple,Cooking,30.0,7,36.05835321463042,283.15422871340246,0.07078855717835061,77,Niche5,0.28500247499071424,0,Desktop,Yes,Active,None,0
REC00500,Laura Sanchez,3674000127.0,Aries,Pink,Dancing,53.0,9,15.694430872067167,142.8439330605663,0.03571098326514157,11,Niche3,,0,,No,Active,None,0
REC00501,Thomas Taylor,3517308040.0,Taurus,Yellow,Travel,50.0,9,35.12410199486877,283.78970116925507,0.07094742529231376,29,Toys,0.5403901181358818,0,Desktop,Yes,Active,None,0
REC00502,John Davis,3072824418.0,Leo,Purple,Cooking,69.0,11,11.107973215506021,129.18231120482912,0.03229557780120728,0,Niche3,0.32661860054233527,3,Tablet,No,Active,None,0
REC00503,David Johnson,3777633941.0,Taurus,Blue,Dancing,43.0,9,39.88952164739126,416.17548740870745,0.10404387185217687,26,Fashion,,1,Desktop,No,Active,None,0
REC00504,Charles Thomas,3353033175.0,Cancer,Pink,Reading,27.0,8,,169.23834889499446,0.04230958722374861,17,Electronics,0.5083728577980224,1,Mobile,Yes,Active,None,0
REC00505,David Lopez,3854098574.0,Scorpio,Red,Reading,45.0,13,23.97589326921249,253.3240251606312,0.0633310062901578,34,Niche19,,0,Mobile,Yes,Active,None,0
REC00506,Elena Perez,3717711407.0,Aries,Red,Sports,5.0,7,33.75266387555327,215.46802892308236,0.05386700723077059,17,Sports,0.23841178153320325,2,,No,Active,Price,1
REC00507,Ana Garcia,3102871181.0,Leo,Black,Sports,51.0,5,,162.13012448189656,0.04053253112047414,13,Niche14,0.35225657123722676,2,Mobile,No,Active,None,0
REC00508,Maria Garcia,3998075770.0,Sagittarius,Black,Reading,11.0,9,80.60624445263582,672.7360865074971,0.1681840216268743,70,Niche8,0.5688030146796161,2,Desktop,Yes,Active,None,0
REC00509,Elena Torres,3198610703.0,Libra,Blue,Travel,23.0,6,27.301930375147645,190.91589150372064,0.04772897287593016,3,Niche9,0.3734891006740072,1,Desktop,No,Active,None,0
REC00510,William Hernandez,3962663798.0,Virgo,Blue,Photography,57.0,8,51.547843221688396,356.5809119229689,0.08914522798074222,52,Niche3,,2,Mobile,No,Active,None,0
REC00511,William Thomas,3206208012.0,Capricorn,Black,Reading,56.0,9,,186.90724254681794,0.04672681063670449,57,Home,0.4618280554274384,1,Mobile,Yes,Active,None,0
REC00512,Lucia Torres,3565855989.0,Aquarius,Purple,Cooking,45.0,10,,367.25190983181784,0.09181297745795446,40,Niche14,0.14704495972014167,3,,No,Active,None,0
REC00513,John Perez,3808829204.0,Aries,Black,Music,43.0,13,35.735838152791985,397.31036602525114,0.09932759150631279,37,Toys,0.33473075768824107,2,Mobile,No,Active,None,0
REC00514,Elena Gonzalez,3123443744.0,Virgo,Black,Sports,,11,53.22046837610954,639.4389347748057,0.15985973369370143,69,Niche23,0.5419514262119343,1,Desktop,Yes,Active,None,0
REC00515,Carmen Moore,3641879578.0,Taurus,Blue,Music,14.0,10,46.46440107891681,373.8376921501744,0.0934594230375436,48,Niche2,0.3205462312828425,0,Mobile,Yes,Active,None,0
REC00516,Elena Torres,3268640584.0,Virgo,White,Gaming,1.0,6,36.3282921176766,229.2616007588816,0.0573154001897204,2,,0.13180646066320165,1,Desktop,No,Active,Price,1
REC00517,James Hernandez,3048515058.0,Aquarius,Black,Reading,1.0,9,42.196783351864354,436.62729086889686,0.10915682271722421,29,Niche20,0.08121811999549212,2,,No,Active,None,0
REC00518,Robert Smith,3250592384.0,Scorpio,White,Reading,5.0,10,77.50274590527627,623.7210650306455,0.15593026625766138,59,Niche14,0.050685463761158914,1,Mobile,Yes,Active,None,0
REC00519,John Taylor,3119673826.0,Aries,Black,Gaming,50.0,9,29.490982423012138,280.55294637156084,0.07013823659289022,6,Niche22,0.1616055254486233,1,Mobile,No,Active,None,0
REC00520,Robert Anderson,3093459953.0,Gemini,Orange,Travel,,15,41.21740999353807,502.3464919308734,0.12558662298271836,38,Niche5,0.5570201033265118,3,Mobile,Yes,Active,None,0
REC00521,Thomas Johnson,3121626330.0,Sagittarius,Gray,Sports,40.0,8,,390.60934786541173,0.09765233696635293,3,Niche7,,0,Mobile,Yes,Active,None,0
REC00522,Lucia Smith,3258667356.0,Leo,Red,Reading,38.0,5,,514.1797797440564,0.1285449449360141,7,Niche0,0.253068730628239,2,Desktop,No,Active,None,0
REC00523,Ana Miller,3688336569.0,Gemini,Pink,Reading,5.0,6,64.33239784076017,426.40395494931175,0.10660098873732794,4,Garden,0.1927947444450576,2,Desktop,Yes,Active,None,0
REC00524,John Brown,3706109479.0,Aries,Black,Music,67.0,7,32.43355174581564,208.49344651748635,0.05212336162937159,0,Niche13,0.2419637122879702,4,Mobile,No,Active,None,0
REC00525,Paula Sanchez,3196128590.0,Aries,Red,Photography,43.0,6,25.346815749357845,141.6254221001522,0.035406355525038055,0,,0.2954057517436913,2,Mobile,No,Active,None,0
REC00526,Robert Moore,3726689302.0,Pisces,Gray,Dancing,6.0,10,41.14115186047131,373.0767087799628,0.0932691771949907,31,Niche12,0.383593615542761,1,Desktop,No,Active,None,0
REC00527,James Torres,3159146217.0,Gemini,Orange,Cooking,39.0,7,23.578078434259513,188.51301197903626,0.04712825299475907,26,Home,0.06519708319489301,0,Tablet,No,Active,None,0
REC00528,Maria Garcia,3713495814.0,Scorpio,Gray,Music,52.0,12,63.72305850481244,701.3944582530571,0.17534861456326428,23,Niche6,0.2570612928773321,2,Mobile,No,Active,None,0
REC00529,Laura Johnson,3813699938.0,Virgo,White,Sports,5.0,10,96.80414557550988,1019.9968140001274,0.25499920350003186,4,Niche6,0.20306275347711414,1,Mobile,No,Active,None,0
REC00530,Ana Gonzalez,3252972350.0,Capricorn,Yellow,Gardening,56.0,6,45.42774931082262,285.8724862203037,0.07146812155507593,12,Niche0,0.19516537701734418,0,Mobile,Yes,Active,None,0
REC00531,Carmen Brown,3226385766.0,Virgo,Blue,Gardening,,9,,407.81664347546234,0.10195416086886558,75,,0.4078670897501718,1,Mobile,Yes,Active,None,0
REC00532,Richard Torres,3574418126.0,Capricorn,Orange,Photography,70.0,12,70.29803311124371,955.2491760451601,0.23881229401129003,78,Niche4,0.5202810688036783,0,Desktop,No,Active,None,0
REC00533,John Moore,3307769184.0,Sagittarius,White,Gaming,45.0,12,42.00933928145163,522.0172454971449,0.13050431137428622,30,Automotive,0.09636527244034107,1,Desktop,No,Active,None,0
REC00534,David Sanchez,3382550941.0,Aries,Gray,Cooking,32.0,3,68.98582397200012,192.10716042691686,0.048026790106729216,9,Niche19,0.4694863188504647,0,Desktop,No,Active,None,0
REC00535,Ana Smith,3374603136.0,Gemini,Black,Hiking,58.0,7,,182.64784635455385,0.045661961588638465,19,Garden,0.16080431758838803,3,Mobile,No,Active,None,0
REC00536,Thomas Martinez,3078094591.0,Gemini,Gray,Cooking,65.0,6,100.154689330013,670.4075013767973,0.16760187534419932,0,,0.2640034101169601,1,Tablet,No,Active,None,0
REC00537,Joseph Anderson,3002382390.0,Aquarius,White,Gaming,31.0,9,70.88666746048362,633.411094867078,0.15835277371676948,43,Niche1,0.13017639551193438,2,Mobile,Yes,Active,None,0
REC00538,William Miller,3827490990.0,Libra,Green,Gaming,49.0,10,74.56892448158844,826.9390011521726,0.20673475028804317,28,Toys,0.3347963786394401,1,Mobile,No,Active,None,0
REC00539,Paula Miller,3033492941.0,Cancer,Green,Dancing,,7,78.72796928580341,546.6118503877024,0.13665296259692558,16,,0.3414668683300167,1,Mobile,No,Active,None,0
REC00540,Paula Thomas,3575459178.0,Pisces,Green,Dancing,65.0,12,48.58180948502328,472.3560867122522,0.11808902167806305,7,Niche0,0.3051904043383573,0,Desktop,Yes,Active,None,0
REC00541,William Ramirez,3867072951.0,Aquarius,Blue,Photography,68.0,4,,182.92139460493144,0.045730348651232856,45,Niche11,0.1447012032287325,2,Mobile,No,Active,None,0
REC00542,Lucia Martinez,3422822144.0,Gemini,Green,Music,,9,19.188832963977045,163.73509203833234,0.040933773009583084,57,Niche3,0.29512187975248017,2,Desktop,Yes,Active,None,0
REC00543,Michael Johnson,3871881384.0,Cancer,Black,Sports,,8,53.98890114204515,504.5587664566084,0.1261396916141521,2,Fashion,0.46597356931265066,0,Desktop,Yes,Active,None,0
REC00544,Michael Taylor,3114912100.0,Taurus,Purple,Sports,62.0,9,48.972111616836884,522.5228159672489,0.13063070399181223,78,Fashion,0.5054278360826606,1,Tablet,Yes,Active,None,0
REC00545,Carmen Wilson,3032030635.0,Pisces,Black,Photography,69.0,11,44.4286752031795,503.6602150729362,0.12591505376823406,7,,0.18210272869906224,0,Mobile,No,Active,None,0
REC00546,Thomas Martinez,3086083746.0,Gemini,Black,Travel,5.0,9,77.86464283873299,604.3512396164228,0.15108780990410572,19,Electronics,0.18823027203701762,0,Desktop,No,Active,None,0
REC00547,Michael Wilson,3752071871.0,Virgo,Red,Gardening,,11,23.49431537640723,280.67105843985394,0.07016776460996349,31,Toys,0.24300374165765729,0,Mobile,No,Active,None,0
REC00548,Maria Hernandez,3195226164.0,Aquarius,Blue,Sports,43.0,13,45.46565591025641,559.4678872755487,0.1398669718188872,8,Niche3,0.3550929553198973,2,Mobile,Yes,Active,None,0
REC00549,Sofia Torres,3534212914.0,Virgo,Purple,Hiking,45.0,5,36.53898888107916,151.05189396466787,0.037762973491166966,28,Toys,0.17211632807513555,2,Tablet,Yes,Active,None,0
REC00550,James Hernandez,3090974710.0,Gemini,Orange,Hiking,29.0,11,63.92821165895008,758.4824913961766,0.18962062284904413,10,Niche6,0.08614657190634147,1,Tablet,No,Active,None,0
REC00551,Richard Anderson,3933090689.0,Pisces,Yellow,Cooking,7.0,14,68.51314271304992,900.7082788796878,0.22517706971992194,93,Books,0.1534427762039883,2,Desktop,No,Active,None,0
REC00552,Laura Anderson,3918001612.0,Scorpio,Blue,Photography,46.0,7,93.20909222788637,599.8126633629288,0.1499531658407322,37,Niche3,0.3116882963899371,3,Desktop,Yes,Active,None,0
REC00553,David Sanchez,3425940845.0,Sagittarius,White,Travel,61.0,15,55.14868650985985,982.7942287746752,0.2456985571936688,40,Niche11,0.2390426001773848,0,Mobile,No,Active,None,0
REC00554,Lucia Smith,3869742185.0,Leo,White,Dancing,33.0,9,40.152910753007454,298.18258187701167,0.07454564546925292,23,,0.6412627726738125,0,Mobile,Yes,Active,None,0
REC00555,Richard Smith,3562288466.0,Gemini,Gray,Reading,27.0,12,72.417585853992,1017.9890174794211,0.25449725436985526,82,Niche1,0.39942791959651325,1,Desktop,Yes,Active,None,0
REC00556,Marta Sanchez,3542639480.0,Capricorn,Red,Cooking,11.0,10,43.88137838825213,463.7333144876879,0.11593332862192197,25,Niche13,0.5997674781822174,1,Mobile,No,Active,None,0
REC00557,Laura Torres,3375418039.0,Aries,Black,Music,,10,,308.6828977277416,0.0771707244319354,7,Niche13,0.4212627617455567,0,Mobile,No,Active,None,0
REC00558,Ana Johnson,3425812187.0,Aries,White,Sports,7.0,10,33.7561607259205,329.0509872801313,0.08226274682003283,6,,,1,Desktop,No,Active,None,0
REC00559,Joseph Davis,3937405094.0,Virgo,Yellow,Photography,46.0,8,35.811181214902284,241.85254543118265,0.06046313635779566,56,Automotive,0.7746540347802843,0,Mobile,Yes,Active,None,0
REC00560,Michael Rodriguez,3384632804.0,Cancer,Yellow,Reading,,8,157.4257730730201,1411.1618095904535,0.35279045239761336,7,Niche22,0.19248534941844492,1,Desktop,Yes,Active,None,0
REC00561,Lucia Taylor,3678662695.0,Capricorn,Green,Gaming,31.0,8,100.07286820568315,711.3791893507306,0.17784479733768266,78,Niche0,,2,Mobile,No,Active,None,0
REC00562,Joseph Anderson,3547183782.0,Leo,Black,Music,29.0,8,27.44930101180476,250.8107395641155,0.06270268489102887,30,Niche13,0.33599395822822725,2,Mobile,No,Active,None,0
REC00563,Elena Davis,3941715630.0,Pisces,Pink,Sports,68.0,6,83.43061182676969,572.7166749914907,0.14317916874787268,1,Niche0,0.4733853156116456,0,Desktop,No,Active,None,0
REC00564,Marta Smith,3585596583.0,Aries,Blue,Photography,2.0,6,58.544602544344116,392.445688528057,0.09811142213201425,1,Niche4,,4,Mobile,Yes,Active,None,0
REC00565,Paula Taylor,3815791473.0,Gemini,Pink,Music,61.0,9,26.836504556314708,288.6524768017083,0.07216311920042708,3,,0.16854265394485424,1,Mobile,No,Active,None,0
REC00566,Robert Taylor,3557964680.0,Sagittarius,Yellow,Gardening,1.0,6,26.230104743380238,171.59275202783485,0.042898188006958715,24,Niche12,0.20494054647930982,3,Mobile,No,Active,None,0
REC00567,Isabel Rodriguez,3392435229.0,Sagittarius,Black,Dancing,52.0,15,57.546701012744045,990.9200205624854,0.24773000514062135,1,Niche16,0.15195876962358218,2,Mobile,Yes,Pending,None,0
REC00568,James Ramirez,3206502119.0,Leo,Red,Travel,20.0,13,17.16866986822666,236.12339651419987,0.059030849128549966,19,Niche18,0.3880881637079769,4,Desktop,No,Active,None,0
REC00569,Michael Anderson,3560690957.0,Leo,Orange,Sports,36.0,7,130.2932688268457,1093.372890297567,0.27334322257439175,41,,0.20753478706016562,1,Desktop,Yes,Active,None,0
REC00570,Joseph Garcia,3162672581.0,Capricorn,Black,Gardening,50.0,7,45.28627304706227,298.9334910229189,0.07473337275572972,0,Niche1,0.1745933850736803,3,,No,Active,None,0
REC00571,Michael Lopez,3774330746.0,Aquarius,Red,Travel,62.0,15,,1407.0558119355417,0.3517639529838854,10,Niche6,0.2548946703361462,3,Desktop,No,Active,None,0
REC00572,Robert Hernandez,3410590337.0,Capricorn,Purple,Travel,20.0,19,24.968781877533136,484.6794402539347,0.12116986006348367,14,Toys,0.4495354920614033,1,Tablet,No,Active,None,0
REC00573,Robert Sanchez,3089850200.0,Gemini,Purple,Music,21.0,10,69.48774360938391,704.5739854341995,0.17614349635854987,20,Niche9,0.5544471296293787,0,Desktop,Yes,Active,None,0
REC00574,Joseph Torres,3273185622.0,Sagittarius,Pink,Sports,19.0,13,79.38906647948203,1036.6309988409253,0.2591577497102313,34,Niche24,0.4292755195134491,1,Tablet,No,Active,Competitor,1
REC00575,Robert Wilson,3792895443.0,Scorpio,Gray,Reading,36.0,11,53.59880913986814,510.7300214386665,0.12768250535966663,10,Niche23,0.41385010832223584,1,,Yes,Active,None,0
REC00576,Thomas Garcia,3768274929.0,Cancer,Yellow,Reading,48.0,9,105.29162147714793,865.742637228579,0.21643565930714476,24,Fashion,0.39359172173195706,1,Mobile,No,Active,None,0
REC00577,Robert Thomas,3412382431.0,Aquarius,Black,Music,40.0,7,43.40803796689761,264.0031641642705,0.06600079104106762,4,Niche4,0.18457302343423942,0,Desktop,Yes,Active,None,0
REC00578,Paula Brown,3364704330.0,Aquarius,Red,Gaming,63.0,9,62.14853640444124,496.4792216174391,0.12411980540435978,8,Grocery,,0,Mobile,Yes,Active,None,0
REC00579,Isabel Perez,3623487377.0,Pisces,Blue,Hiking,69.0,6,35.90021367365496,250.48351063408487,0.06262087765852122,58,Niche15,,0,Desktop,No,Active,None,0
REC00580,William Hernandez,3675021754.0,Taurus,Purple,Cooking,33.0,12,59.81918710686911,583.453242041479,0.14586331051036977,10,Automotive,0.20808363032094782,0,Tablet,No,Active,None,0
REC00581,Marta Wilson,3828371374.0,Scorpio,Pink,Gaming,66.0,7,58.05868635566053,460.7606993112188,0.11519017482780469,1,Niche18,0.03123376575243013,1,Mobile,Yes,Active,None,0
REC00582,Thomas Garcia,3926348733.0,Aquarius,White,Travel,15.0,13,,916.0586310477897,0.22901465776194743,8,Niche21,0.28055758910503076,3,Desktop,Yes,Active,None,0
REC00583,Robert Perez,3137929608.0,Scorpio,Blue,Reading,,7,51.55999455074446,336.78042955421057,0.08419510738855264,18,Automotive,0.17223978786518443,2,Desktop,No,Active,None,0
REC00584,Robert Sanchez,3176977924.0,Taurus,Pink,Hiking,36.0,7,,502.40998330997786,0.12560249582749447,66,Niche20,0.44863634727318596,3,Mobile,Yes,Active,Competitor,1
REC00585,Paula Moore,3172974807.0,Leo,Orange,Sports,20.0,15,26.274439727661672,467.1047209266434,0.11677618023166085,0,Sports,0.40169269763846216,1,Tablet,No,Active,None,0
REC00586,David Johnson,3683213236.0,Aries,Gray,Sports,35.0,8,67.29806316586789,606.0811575441229,0.15152028938603074,4,Niche10,0.14755839788216302,0,Mobile,No,Active,None,0
REC00587,James Smith,3391844540.0,Pisces,Green,Travel,,4,60.2586967147788,285.4870059263585,0.07137175148158963,39,Niche12,0.2865938818826067,1,,No,Active,None,0
REC00588,Charles Perez,3144282741.0,Libra,Gray,Photography,22.0,8,46.014460847290856,440.09301390935224,0.11002325347733806,8,Niche13,0.37259288010834896,1,Mobile,No,Active,None,0
REC00589,Michael Thomas,3877215876.0,Capricorn,Blue,Gardening,27.0,11,14.744177791987099,180.24129544622892,0.04506032386155723,6,Niche6,,1,Mobile,Yes,Active,None,0
REC00590,Isabel Brown,3365832923.0,Aquarius,Black,Cooking,53.0,13,92.27797861852103,1001.3443592089142,0.25033608980222855,19,Automotive,0.3757977419223571,1,Mobile,No,Active,None,0
REC00591,Robert Ramirez,3558125953.0,Virgo,Orange,Reading,22.0,9,38.331738112802284,277.55122629020485,0.06938780657255121,33,Niche12,0.15968111218212114,1,Desktop,No,Active,None,0
REC00592,Thomas Torres,3251797466.0,Aquarius,Gray,Cooking,38.0,8,23.96281100546563,226.55688678475448,0.05663922169618862,27,Sports,0.07426451374172988,0,Desktop,No,Active,None,0
REC00593,Laura Johnson,3193941562.0,Virgo,Yellow,Travel,9.0,11,37.471329654006276,446.3097207997203,0.11157743019993008,19,,0.12244220826007479,0,Tablet,No,Pending,None,0
REC00594,Thomas Lopez,3695247574.0,Cancer,White,Travel,,10,31.776152916476438,278.03314117062854,0.06950828529265714,1,Toys,0.5121950339818832,0,Mobile,Yes,Active,None,0
REC00595,Ana Sanchez,3928658572.0,Leo,Purple,Reading,38.0,7,41.74326947364086,314.02713137305324,0.0785067828432633,1,,0.17440802789033938,2,Desktop,Yes,Pending,Service,1
REC00596,Maria Martinez,3129966337.0,Scorpio,Orange,Hiking,53.0,12,30.373894613581175,360.0739384610414,0.09001848461526035,3,Niche9,,0,Mobile,Yes,Active,None,0
REC00597,Joseph Perez,3981992926.0,Sagittarius,Yellow,Music,53.0,9,68.94160439004507,501.43915535382587,0.12535978883845647,15,Niche13,0.13872647826785078,1,Mobile,Yes,Active,None,0
REC00598,Thomas Torres,3016812236.0,Capricorn,Orange,Cooking,45.0,10,36.795765804226185,339.0504324550755,0.08476260811376887,15,,0.23270287890492264,0,Desktop,No,Active,None,0
REC00599,Ana Hernandez,3258883605.0,Capricorn,Green,Travel,34.0,11,,491.7204779794747,0.12293011949486868,58,Niche15,0.192127164166132,1,,Yes,Active,None,0
REC00600,Isabel Davis,3862235527.0,Aquarius,White,Photography,53.0,5,24.90249426530688,132.0320881593463,0.033008022039836576,12,Niche14,,0,,No,Active,None,0
REC00601,David Lopez,3991904090.0,Aries,Black,Gardening,35.0,11,142.38851551929443,1734.3545306474275,0.4335886326618569,7,Toys,0.3193199782608102,0,Desktop,Yes,Active,None,0
REC00602,Lucia Davis,3537875475.0,Aries,Black,Cooking,50.0,6,37.50404496565433,269.7144926475666,0.06742862316189165,4,Niche12,0.13542451533838196,0,Desktop,Yes,Pending,None,0
REC00603,Michael Gonzalez,3873778535.0,Taurus,Orange,Sports,47.0,10,48.68820976721241,504.5923992098526,0.12614809980246314,40,Niche15,0.28061760487123805,1,Tablet,No,Active,None,0
REC00604,Lucia Davis,3672911850.0,Gemini,Yellow,Reading,15.0,12,33.25923094309316,387.3290341896359,0.09683225854740897,27,Niche11,0.12451400632405625,0,Desktop,No,Active,None,0
REC00605,Paula Martinez,3016024961.0,Aquarius,Green,Gaming,28.0,6,66.52127908194485,455.8711999890624,0.1139677999972656,31,Niche10,0.25133190507709924,4,Desktop,No,Active,None,0
REC00606,Thomas Brown,3693577847.0,Gemini,Green,Reading,52.0,9,88.9873536761375,843.1656409292443,0.21079141023231107,34,Niche17,0.17200019402994798,1,Mobile,No,Active,None,0
REC00607,Michael Martinez,3975876784.0,Gemini,Blue,Gardening,49.0,5,,301.49823551996195,0.07537455887999049,1,Niche8,0.16040068442603364,0,Tablet,Yes,Active,None,0
REC00608,Sofia Miller,3192456560.0,Taurus,Gray,Gaming,,9,88.62851982362982,862.2135436044371,0.21555338590110926,85,Niche22,0.22640293177511364,2,Mobile,No,Active,Other,1
REC00609,William Lopez,3567357121.0,Gemini,Green,Dancing,3.0,9,59.27856269904344,592.863812628905,0.14821595315722624,9,Niche1,0.23369420189922407,3,Mobile,No,Active,None,0
REC00610,Marta Johnson,3928123062.0,Virgo,Red,Sports,15.0,7,64.9238236824798,521.3247463510164,0.1303311865877541,6,,0.44773371670049367,0,Desktop,No,Pending,None,0
REC00611,John Brown,3636401512.0,Capricorn,Green,Gardening,21.0,7,51.02407923648742,319.8364350227416,0.0799591087556854,4,Niche22,,0,Desktop,Yes,Active,None,0
REC00612,Michael Thomas,3901184845.0,Aquarius,Yellow,Hiking,52.0,8,52.996210775982576,378.13231598116494,0.09453307899529123,12,Niche8,0.3561854999224224,0,Desktop,No,Active,None,0
REC00613,Lucia Brown,3935287252.0,Sagittarius,Orange,Hiking,39.0,11,,718.4552587416235,0.17961381468540588,0,,0.4101745303335724,2,Mobile,Yes,Active,None,0
REC00614,Robert Taylor,3090760883.0,Sagittarius,Red,Dancing,3.0,11,71.41100538269609,822.2511871548397,0.20556279678870992,15,Toys,0.07716579795581113,3,Mobile,No,Active,None,0
REC00615,David Smith,3875494799.0,Cancer,Pink,Gardening,,5,25.31489513815512,104.1457012460829,0.026036425311520724,14,Niche24,0.32570324267302414,1,Mobile,No,Active,None,0
REC00616,Robert Johnson,3848634153.0,Cancer,Blue,Sports,61.0,9,79.17884569941805,805.0519913345781,0.20126299783364454,0,Niche16,0.09795707744593414,3,Desktop,Yes,Active,None,0
REC00617,Marta Johnson,3635330132.0,Cancer,Gray,Dancing,32.0,8,,600.3211262059358,0.15008028155148395,27,Niche9,0.03692935009696132,2,Desktop,No,Active,None,0
REC00618,Lucia Rodriguez,3505087613.0,Libra,White,Reading,57.0,15,32.436618726043015,579.5136175297031,0.14487840438242577,11,Niche9,0.401043111921523,0,Desktop,Yes,Active,None,0
REC00619,Carmen Torres,3207480207.0,Cancer,Yellow,Music,56.0,7,,279.70319652172526,0.06992579913043132,59,Niche7,0.14070892767743348,2,Mobile,Yes,Active,None,0
REC00620,John Brown,3443880943.0,Leo,Black,Hiking,49.0,9,86.01571738491975,663.0097398418683,0.16575243496046707,20,Sports,0.23642621081169862,1,Mobile,Yes,Active,None,0
REC00621,David Ramirez,3523318362.0,Virgo,Blue,Dancing,,11,88.43282494194753,1123.9287725466124,0.2809821931366531,3,Niche5,0.5490667197394491,1,Mobile,No,Active,None,0
REC00622,Lucia Davis,3273527765.0,Sagittarius,Red,Hiking,36.0,11,,402.1702469627503,0.10054256174068757,20,Niche4,0.39120091657704575,0,Mobile,Yes,Active,None,0
REC00623,Lucia Anderson,3473912665.0,Virgo,Black,Gardening,45.0,9,75.82857226228259,809.6803390472631,0.20242008476181578,25,Grocery,0.46739529564726096,3,Mobile,No,Active,None,0
REC00624,Ana Smith,3227165101.0,Aries,Yellow,Reading,65.0,9,44.76321215349241,415.40736068493965,0.10385184017123492,38,Niche14,0.35216804585224387,1,Mobile,No,Active,None,0
REC00625,Laura Lopez,3203561813.0,Taurus,Gray,Gaming,6.0,16,61.470953849057246,997.31687554201,0.24932921888550252,1,Sports,0.03275479378592385,0,Mobile,No,Active,None,0
REC00626,James Torres,3094116664.0,Pisces,White,Gaming,,10,77.21258847003253,633.8082147413656,0.1584520536853414,8,Sports,0.1458138731216783,2,Mobile,No,Active,None,0
REC00627,Carmen Smith,3165641822.0,Virgo,Red,Photography,15.0,7,56.164421231567324,368.2386554434436,0.0920596638608609,2,Niche24,0.1658933215959611,0,Desktop,No,Active,None,0
REC00628,Maria Sanchez,3968479370.0,Libra,Purple,Music,15.0,4,,400.6406682680281,0.10016016706700702,19,,0.08356598424186114,3,Mobile,No,Active,None,0
REC00629,Ana Anderson,3578764072.0,Libra,Gray,Cooking,42.0,9,86.91385885209839,813.5362055697404,0.20338405139243512,34,Home,,0,Mobile,Yes,Active,None,0
REC00630,Robert Moore,3820785682.0,Libra,Blue,Dancing,9.0,14,59.989375349877335,788.4509540466448,0.1971127385116612,59,Niche7,0.4580897965382807,3,,Yes,Active,None,0
REC00631,Lucia Martinez,3138870019.0,Cancer,Red,Music,66.0,12,37.387399247354914,426.8919714522548,0.10672299286306369,15,,0.2372939556763594,0,Mobile,Yes,Active,None,0
REC00632,Maria Torres,3258116070.0,Scorpio,Black,Gaming,61.0,13,,1358.7922328816212,0.3396980582204053,4,Niche6,,3,Mobile,No,Active,None,0
REC00633,William Hernandez,3652823548.0,Libra,Green,Gaming,61.0,9,17.57351356312479,168.8939731951018,0.04222349329877545,56,Electronics,,0,,Yes,Active,None,0
REC00634,James Torres,3763445749.0,Cancer,Orange,Reading,,13,40.11130535390685,557.3848750529443,0.13934621876323608,0,Niche4,0.4740370567756011,0,Mobile,No,Active,None,0
REC00635,Marta Sanchez,3957790346.0,Gemini,Orange,Gardening,27.0,8,45.989959719415864,308.36609962518867,0.07709152490629717,8,Niche24,0.4118686626003113,1,Desktop,Yes,Active,None,0
REC00636,Carmen Taylor,3154723508.0,Sagittarius,Yellow,Gaming,29.0,18,28.600109422741934,531.4934947146751,0.13287337367866878,3,Niche0,0.18004972985182027,0,Tablet,No,Active,None,0
REC00637,Laura Rodriguez,3830116715.0,Sagittarius,White,Reading,64.0,5,50.70190619155399,265.4805373251149,0.06637013433127872,80,Niche4,0.21625635468846077,0,Mobile,Yes,Active,None,0
REC00638,Ana Miller,3698245336.0,Taurus,Red,Gardening,12.0,6,61.604837297088196,336.02586592721553,0.08400646648180389,9,Niche7,0.21018117159177835,1,Desktop,No,Active,None,0
REC00639,Carmen Sanchez,3755515927.0,Capricorn,Gray,Sports,50.0,6,54.36013024201086,313.478244313221,0.07836956107830526,7,Niche11,0.08524815380210424,0,Mobile,No,Active,None,0
REC00640,John Ramirez,3878856848.0,Scorpio,Gray,Music,47.0,8,34.94130967894588,243.4373286465367,0.06085933216163418,5,Niche21,,1,,Yes,Active,None,0
REC00641,Joseph Smith,3100965922.0,Scorpio,Red,Hiking,10.0,7,46.371587881155754,282.3964048799499,0.07059910121998747,10,Niche3,0.1627777873262743,0,Mobile,No,Active,None,0
REC00642,Richard Brown,3931569307.0,Pisces,Blue,Dancing,12.0,6,21.662850285946664,109.37233657695685,0.027343084144239214,26,Niche12,0.05844134725224952,2,Mobile,No,Active,None,0
REC00643,Paula Hernandez,3004315122.0,Gemini,Green,Reading,56.0,9,44.50573028152008,389.4733730177946,0.09736834325444865,10,Electronics,0.7905776001794536,0,Mobile,Yes,Active,None,0
REC00644,Michael Wilson,3047501900.0,Gemini,Orange,Gaming,39.0,8,87.05917756340185,737.8985618448169,0.1844746404612042,4,Toys,0.11558027311625341,1,Desktop,No,Pending,None,0
REC00645,Sofia Wilson,3114447594.0,Leo,Pink,Hiking,65.0,6,61.76107046187971,435.3746515186118,0.10884366287965296,12,,0.2926934631422225,1,Mobile,Yes,Active,None,0
REC00646,James Anderson,3214841434.0,Virgo,Orange,Gaming,8.0,11,52.576491657926354,603.8838322720113,0.15097095806800284,5,,0.027944508931978716,2,Desktop,Yes,Active,None,0
REC00647,Robert Taylor,3627880598.0,Taurus,Blue,Photography,49.0,7,60.65548204070964,427.23044178448293,0.10680761044612073,0,Niche8,0.5305577772313163,2,Tablet,No,Active,None,0
REC00648,Isabel Lopez,3396421901.0,Aquarius,Black,Gaming,37.0,11,,618.289977097737,0.15457249427443426,16,Niche7,0.0597705408393879,2,,No,Active,None,0
REC00649,Michael Garcia,3384006554.0,Leo,Purple,Photography,,6,61.336195206684195,353.2784072875577,0.08831960182188942,20,,0.4950414462338785,0,Mobile,No,Active,None,0
REC00650,Elena Sanchez,3644337179.0,Pisces,White,Hiking,15.0,9,52.42639516398492,471.3144749297948,0.11782861873244871,11,Beauty,,3,Desktop,No,Active,None,0
REC00651,William Davis,3972716478.0,Sagittarius,Gray,Cooking,,10,60.33898794108994,592.8149403648873,0.14820373509122184,4,Niche4,,3,Mobile,Yes,Active,None,0
REC00652,Elena Brown,3093275330.0,Libra,Yellow,Reading,3.0,10,24.566238479177162,233.93716682456915,0.058484291706142284,6,Niche12,0.1325367880198247,1,,No,Active,None,0
REC00653,William Sanchez,3903020506.0,Virgo,Blue,Sports,63.0,11,34.69042759232067,406.74855160842566,0.10168713790210641,19,,0.4448028944651013,2,Desktop,Yes,Active,None,0
REC00654,Sofia Taylor,3993619228.0,Leo,Purple,Travel,56.0,8,38.60980808576684,353.2443827585925,0.08831109568964812,9,Niche0,0.5923377986509479,1,Desktop,Yes,Active,Competitor,1
REC00655,David Smith,3659360249.0,Virgo,Purple,Reading,51.0,7,28.43552483343869,233.45828362364645,0.058364570905911614,17,Electronics,0.4277866225419476,0,Mobile,No,Active,None,0
REC00656,Lucia Johnson,3042493791.0,Gemini,Blue,Sports,8.0,8,67.48681026749786,552.1348908256138,0.13803372270640343,88,Niche8,0.26695477748825636,0,Mobile,Yes,Active,None,0
REC00657,Sofia Johnson,3290268865.0,Virgo,Green,Gardening,58.0,7,48.576253979932346,377.8561079610423,0.09446402699026057,5,Garden,,1,Mobile,Yes,Active,None,0
REC00658,James Taylor,3208347250.0,Pisces,Purple,Photography,,8,,216.65334236483366,0.054163335591208416,45,Sports,0.4819864913581198,0,Mobile,Yes,Active,None,0
REC00659,Charles Moore,3252820628.0,Pisces,Purple,Sports,61.0,11,,496.37975905966016,0.12409493976491504,25,Niche0,,3,Mobile,Yes,Active,None,0
REC00660,James Sanchez,3615713395.0,Pisces,Red,Music,14.0,8,27.11906105648393,244.46365798673833,0.06111591449668458,30,Niche2,0.32831709011941784,0,Desktop,No,Active,None,0
REC00661,Charles Johnson,3610132149.0,Leo,Gray,Cooking,55.0,10,37.265646241062335,438.69889211012224,0.10967472302753056,7,Garden,0.13893788694307835,1,Desktop,Yes,Active,None,0
REC00662,Carmen Ramirez,3626741700.0,Libra,Orange,Gaming,39.0,10,,428.33157817459545,0.10708289454364886,2,Niche8,,2,,No,Active,None,0
REC00663,Charles Moore,3600616872.0,Sagittarius,Blue,Cooking,,7,76.12231775589868,603.9935065731851,0.15099837664329627,14,Niche21,0.4510885663755771,0,Desktop,No,Active,None,0
REC00664,William Garcia,3355984779.0,Pisces,Black,Travel,59.0,6,93.66650175934636,591.5279039950087,0.1478819759987522,10,Niche1,0.09570819156912805,1,Mobile,Yes,Active,None,0
REC00665,Joseph Gonzalez,3865932558.0,Gemini,Pink,Sports,10.0,9,59.0747672808815,618.8711770221279,0.15471779425553198,1,Niche16,0.47447595940810555,2,Mobile,No,Active,None,0
REC00666,Sofia Lopez,3934516497.0,Gemini,Red,Photography,,8,28.429447157427152,242.87685739136842,0.0607192143478421,33,Grocery,,2,Desktop,No,Active,None,0
REC00667,Sofia Johnson,3903925308.0,Cancer,Orange,Cooking,45.0,6,35.736886675839806,254.14277603513025,0.06353569400878256,140,Niche14,0.18594221379317524,2,Desktop,Yes,Active,Price,1
REC00668,James Anderson,3755284611.0,Aquarius,Purple,Dancing,53.0,10,113.45925685003688,993.1621157863884,0.24829052894659712,10,Niche22,,1,Mobile,No,Active,None,0
REC00669,Charles Lopez,3961983822.0,Libra,Yellow,Gardening,3.0,7,16.72309842200908,104.58037294819577,0.026145093237048944,103,Niche5,0.26995078261348,2,Mobile,Yes,Active,Other,1
REC00670,Ana Hernandez,3888983638.0,Sagittarius,Red,Photography,51.0,8,20.233637263430285,153.1702881556106,0.03829257203890265,54,Toys,0.3769046957176163,4,Mobile,No,Active,None,0
REC00671,Paula Perez,3184864373.0,Taurus,Pink,Photography,5.0,10,68.84519507968506,755.5193332978741,0.18887983332446853,8,Beauty,,0,,No,Active,None,0
REC00672,David Sanchez,3575753987.0,Scorpio,Pink,Hiking,61.0,11,,369.84511853901057,0.09246127963475265,1,Niche5,0.47134178926961695,0,Mobile,No,Active,None,0
REC00673,Sofia Moore,3171369858.0,Pisces,Red,Travel,70.0,7,83.84662596231904,493.71614264350285,0.12342903566087571,159,Niche23,0.12419323567882228,3,Desktop,Yes,Active,Price,1
REC00674,Marta Anderson,3385368159.0,Aries,Orange,Gaming,36.0,7,29.51786537834941,187.2101133359971,0.046802528333999276,33,Niche23,0.12045142010301317,4,Desktop,Yes,Active,None,0
REC00675,Paula Thomas,3923685700.0,Sagittarius,Orange,Cooking,11.0,7,42.02639752832209,327.54025366868836,0.0818850634171721,21,Niche23,0.19691884852068953,1,Desktop,No,Active,None,0
REC00676,Carmen Johnson,3873414207.0,Gemini,Purple,Dancing,68.0,12,66.82474417235115,954.8220433492579,0.23870551083731448,9,Sports,0.5430490220698118,1,Desktop,Yes,Active,Service,1
REC00677,Paula Garcia,3891187451.0,Aquarius,Pink,Dancing,,16,32.84856936633014,457.6283390176714,0.11440708475441785,17,Niche23,0.12096702714197073,2,Tablet,No,Active,None,0
REC00678,Thomas Brown,3397142234.0,Taurus,Purple,Photography,61.0,8,27.360586315281193,256.2783807711277,0.06406959519278192,17,Electronics,0.11199885378100767,0,Mobile,No,Active,None,0
REC00679,Richard Ramirez,3475774936.0,Virgo,Black,Gardening,35.0,4,20.498808439758413,65.76767085948548,0.01644191771487137,27,Niche14,,1,Mobile,No,Active,None,0
REC00680,Sofia Hernandez,3579606252.0,Aquarius,Blue,Gaming,10.0,10,31.426150083744247,316.34470599286743,0.07908617649821686,26,Niche21,0.13560078707481915,1,Tablet,Yes,Active,None,0
REC00681,Michael Smith,3031629137.0,Taurus,Red,Sports,61.0,12,77.64298543935942,777.5897298806491,0.19439743247016228,69,Niche6,0.4756626841902947,0,Tablet,No,Active,None,0
REC00682,Ana Johnson,3663916056.0,Gemini,Yellow,Cooking,13.0,12,50.661814715720524,724.3984910230871,0.18109962275577177,30,Fashion,0.10379157710365687,1,Desktop,No,Active,None,0
REC00683,Michael Thomas,3342747546.0,Virgo,Blue,Reading,47.0,10,,883.2815904979103,0.22082039762447758,38,Niche12,0.16132614601563888,3,Mobile,Yes,Active,None,0
REC00684,Paula Garcia,3765891783.0,Libra,Yellow,Photography,36.0,7,54.65185651279546,353.60321298950356,0.08840080324737588,24,Fashion,0.10608834733117725,0,Mobile,No,Active,None,0
REC00685,Sofia Sanchez,3101073255.0,Taurus,Yellow,Gaming,30.0,9,51.567986550729195,545.3773082206952,0.1363443270551738,12,Niche17,,0,Mobile,Yes,Active,None,0
REC00686,Charles Anderson,3452895436.0,Leo,Blue,Gaming,33.0,6,27.39588779881749,167.6114303498753,0.041902857587468825,50,,0.12767587428074356,0,Desktop,Yes,Active,None,0
REC00687,Elena Miller,3591079996.0,Scorpio,Yellow,Travel,58.0,3,25.822869604564897,92.63368163261688,0.02315842040815422,103,Niche7,0.45467781317103906,0,Mobile,No,Active,None,0
REC00688,Joseph Rodriguez,3737506188.0,Cancer,Purple,Music,53.0,13,59.055678664322684,798.3126992999037,0.19957817482497592,1,Niche5,0.3223001302997687,0,Mobile,No,Active,None,0
REC00689,John Davis,3163257032.0,Aries,Black,Sports,25.0,9,22.741095558624252,244.65331999263827,0.06116332999815957,48,Garden,,3,Desktop,No,Pending,Price,1
REC00690,Isabel Lopez,3819167266.0,Sagittarius,Pink,Reading,16.0,8,73.2589897360483,635.7182330578142,0.15892955826445357,58,,0.27247862633758707,0,Mobile,Yes,Active,None,0
REC00691,Charles Garcia,3061654030.0,Cancer,Green,Sports,4.0,11,50.97343511421423,627.0471911610482,0.15676179779026206,34,Niche14,0.43218533131708287,0,Desktop,No,Active,None,0
REC00692,Joseph Perez,3340123528.0,Gemini,Blue,Photography,68.0,13,79.38042696262593,1033.0514101039787,0.2582628525259947,6,Niche11,0.4857325976869751,0,Mobile,No,Active,None,0
REC00693,Sofia Wilson,3637302964.0,Scorpio,Gray,Photography,30.0,20,39.14978496628396,833.6479086839555,0.2084119771709889,25,Niche1,0.14657402641747294,1,Mobile,Yes,Active,None,0
REC00694,Michael Torres,3265520346.0,Aries,Pink,Sports,5.0,10,26.904477292350254,218.5327037111501,0.054633175927787526,27,Niche0,0.7165616473638987,1,Mobile,No,Active,Service,1
REC00695,David Smith,3239662560.0,Libra,Purple,Photography,24.0,12,77.35115116981986,784.1756367535346,0.19604390918838366,23,,0.38813302269634087,2,Mobile,Yes,Active,None,0
REC00696,Laura Torres,3500472899.0,Leo,Blue,Sports,,9,45.49640300226758,346.26859032176395,0.08656714758044098,11,Niche9,0.14940497218266907,2,Mobile,No,Active,None,0
REC00697,Lucia Garcia,3826263132.0,Cancer,Orange,Music,9.0,9,41.848252203412436,368.4144736644789,0.09210361841611973,56,Niche10,0.3099194852499262,0,Desktop,Yes,Active,None,0
REC00698,Carmen Thomas,3332239212.0,Sagittarius,White,Photography,7.0,9,94.55603398437243,933.6218820121433,0.2334054705030358,31,Niche12,0.3128141263945585,5,Mobile,No,Active,None,0
REC00699,Marta Wilson,3483435435.0,Gemini,Orange,Dancing,15.0,6,,1521.6894547037878,0.38042236367594695,18,Electronics,0.11728110135203271,3,Desktop,No,Active,None,0
REC00700,Joseph Wilson,3889724571.0,Virgo,Yellow,Cooking,33.0,7,16.455885698235807,136.574422667112,0.034143605666778,6,,0.23502854758251931,0,Mobile,No,Active,None,0
REC00701,Marta Torres,3313837175.0,Cancer,Black,Sports,63.0,15,35.783334530378276,453.0657277206396,0.1132664319301599,5,Niche6,0.20941971241875892,3,,No,Active,None,0
REC00702,Lucia Rodriguez,3339549039.0,Gemini,Orange,Gardening,52.0,11,36.510964726344184,417.84177647074296,0.10446044411768574,53,Sports,0.5506293786805575,1,Tablet,No,Active,None,0
REC00703,James Torres,3688307271.0,Taurus,Red,Gardening,50.0,8,22.918369032299264,173.98145161844317,0.04349536290461079,10,Niche13,0.11846260728096929,0,Mobile,No,Active,None,0
REC00704,Robert Lopez,3695775418.0,Aries,Purple,Cooking,33.0,7,57.70176869019206,358.5941473200566,0.08964853683001416,70,Sports,0.6407031176490213,1,Mobile,No,Active,None,0
REC00705,Thomas Thomas,3852384293.0,Aries,Gray,Gardening,32.0,11,30.21344268370702,362.1719211415777,0.09054298028539443,4,Niche18,0.17384399292547129,0,,No,Pending,None,0
REC00706,Charles Martinez,3963331389.0,Leo,White,Gardening,69.0,12,36.39864493854362,405.9892261993064,0.10149730654982661,0,Niche15,0.38200684076014413,1,Mobile,Yes,Active,None,0
REC00707,Lucia Brown,3951662778.0,Aries,Gray,Dancing,11.0,10,,265.0348307241452,0.0662587076810363,14,Niche11,0.33686299484479293,0,Mobile,Yes,Active,None,0
REC00708,James Moore,3304703002.0,Taurus,Yellow,Reading,32.0,8,38.80579587663046,324.2776162514654,0.08106940406286635,10,Niche6,0.06357036009081002,1,Mobile,Yes,Active,None,0
REC00709,Isabel Anderson,3982996923.0,Pisces,Blue,Sports,7.0,9,16.90535412915008,163.88410038853488,0.04097102509713372,89,Niche0,0.1654567953384269,1,Mobile,Yes,Active,Service,1
REC00710,Marta Miller,3540383189.0,Capricorn,Purple,Hiking,33.0,9,19.569716764237153,141.79788021812178,0.035449470054530446,36,Niche11,,1,Desktop,Yes,Active,None,0
REC00711,Elena Lopez,3353595766.0,Capricorn,Gray,Dancing,,8,15.022410250937893,121.37537245424652,0.030343843113561628,5,Niche4,0.1989127890310431,1,Tablet,No,Active,None,0
REC00712,Sofia Davis,3828566267.0,Cancer,White,Gardening,58.0,5,47.48061504843379,209.05565702834383,0.05226391425708596,26,Books,0.29319668435992413,2,,Yes,Active,None,0
REC00713,Laura Anderson,3226010385.0,Sagittarius,Orange,Dancing,63.0,13,96.9778968887158,1170.913011413056,0.292728252853264,41,,0.03198304953149183,1,Mobile,No,Active,None,0
REC00714,William Johnson,3001708185.0,Gemini,Gray,Sports,20.0,7,58.92421554671735,453.18065751716705,0.11329516437929177,11,Electronics,0.6178237700188935,2,Tablet,No,Active,None,0
REC00715,William Miller,3536953486.0,Capricorn,Red,Dancing,28.0,11,52.107874532926296,607.5794292998391,0.15189485732495978,45,Niche5,,1,,No,Active,None,0
REC00716,Thomas Rodriguez,3500661991.0,Sagittarius,Yellow,Hiking,70.0,9,40.38029140262265,370.55189343644946,0.09263797335911236,0,Niche9,0.1770240663347696,0,Mobile,No,Active,None,0
REC00717,Paula Ramirez,3763242682.0,Taurus,Yellow,Sports,3.0,9,50.68379771641993,479.95706441485225,0.11998926610371306,77,Niche3,0.40023520240843374,1,Desktop,No,Active,None,0
REC00718,Marta Sanchez,3241356241.0,Libra,Green,Cooking,39.0,8,51.526686323348684,427.31428080373894,0.10682857020093474,16,,0.31788487245358815,0,Mobile,Yes,Active,None,0
REC00719,Thomas Moore,3833886703.0,Sagittarius,Pink,Dancing,59.0,8,,254.79079910286063,0.06369769977571516,10,Niche17,0.489254633730907,0,Mobile,No,Active,None,0
REC00720,Robert Brown,3873070792.0,Capricorn,Black,Travel,,6,23.81183507122155,152.94190049826324,0.03823547512456581,29,Niche13,0.18278374293843963,2,Mobile,No,Active,Other,1
REC00721,Sofia Johnson,3615493474.0,Scorpio,White,Gardening,34.0,9,92.02319952054476,747.3320002717913,0.18683300006794784,57,Niche13,0.5182006409536365,0,,No,Active,None,0
REC00722,Paula Martinez,3947742007.0,Cancer,Blue,Reading,38.0,13,22.23461976853785,335.23357660390445,0.08380839415097611,68,Niche6,0.30406174085796583,2,Tablet,No,Active,None,0
REC00723,David Gonzalez,3077003950.0,Leo,White,Gardening,,9,24.01225083010392,187.0931532512145,0.04677328831280362,7,Niche21,0.5359811460145241,2,,No,Active,None,0
REC00724,Isabel Torres,3361483367.0,Taurus,White,Hiking,14.0,13,44.966565261690505,670.1387765411966,0.16753469413529917,5,Niche20,,2,Mobile,Yes,Active,None,0
REC00725,Ana Miller,3814064133.0,Scorpio,White,Travel,,9,57.04036929875691,516.3287316359551,0.1290821829089888,3,Niche13,0.04328863250835052,0,Desktop,No,Active,None,0
REC00726,John Rodriguez,3225559160.0,Pisces,Gray,Reading,10.0,6,55.0033373397231,357.21052448223674,0.08930263112055918,18,Niche20,0.5263420577277953,2,,No,Active,None,0
REC00727,John Davis,3680196479.0,Leo,Orange,Dancing,64.0,6,71.5101112419829,348.3693977851497,0.08709234944628742,3,Niche24,0.109118565597615,2,Mobile,Yes,Active,Other,1
REC00728,Michael Smith,3026427169.0,Scorpio,Gray,Gaming,,8,,437.4518599786866,0.10936296499467166,80,Niche2,0.32265331365080263,0,Desktop,Yes,Active,None,0
REC00729,Marta Garcia,3014857734.0,Aries,Yellow,Dancing,64.0,8,77.17532560609462,709.4353670824812,0.1773588417706203,12,Niche3,,2,Desktop,No,Active,None,0
REC00730,Michael Gonzalez,3927776806.0,Capricorn,Green,Photography,58.0,9,25.944227966950695,215.27252495690408,0.05381813123922602,24,Sports,0.1446249667612304,3,Mobile,No,Active,None,0
REC00731,Richard Moore,3349937318.0,Libra,Orange,Travel,27.0,17,,1787.881440267023,0.4469703600667557,32,Books,0.2611809531750415,1,Desktop,No,Active,None,0
REC00732,Ana Sanchez,3685512661.0,Pisces,Purple,Sports,37.0,6,22.748512435102707,110.13136090959107,0.027532840227397767,25,Niche14,0.11300937198941652,1,Mobile,Yes,Active,Other,1
REC00733,Maria Wilson,3528197994.0,Sagittarius,Black,Hiking,20.0,16,23.083023835747404,414.8734734519337,0.10371836836298343,14,Niche1,0.27449901105542945,0,,No,Active,None,0
REC00734,William Johnson,3748964462.0,Capricorn,Gray,Dancing,3.0,11,41.367603041417674,524.0799574703473,0.13101998936758683,13,Niche3,,0,Mobile,Yes,Active,None,0
REC00735,Paula Smith,3123459488.0,Cancer,Black,Gaming,49.0,6,58.19396798188221,341.9321715381899,0.08548304288454747,46,Niche24,0.13400813101761802,3,Mobile,Yes,Active,None,0
REC00736,William Wilson,3805356932.0,Virgo,Pink,Gardening,8.0,6,69.40131285465924,339.08023575576846,0.08477005893894211,4,Home,0.4011301365884231,1,Desktop,No,Active,None,0
REC00737,Carmen Hernandez,3327663844.0,Capricorn,Green,Travel,15.0,5,19.359851939975282,88.27490919682825,0.02206872729920706,25,Niche7,0.26551107838053595,3,,Yes,Active,None,0
REC00738,John Rodriguez,3424740121.0,Virgo,Yellow,Gardening,3.0,11,48.282399123995184,572.0210621080495,0.14300526552701237,151,Automotive,0.45081750398842785,1,Mobile,Yes,Active,None,0
REC00739,Carmen Torres,3191239199.0,Libra,Green,Cooking,52.0,13,31.883166225933877,384.7659762083634,0.09619149405209085,5,Automotive,0.27237410054217415,0,Mobile,Yes,Active,None,0
REC00740,John Johnson,3384642711.0,Scorpio,Green,Cooking,62.0,5,34.271170338502074,191.70253477920284,0.04792563369480071,6,,0.14456876890072728,2,,No,Active,None,0
REC00741,Joseph Gonzalez,3438930559.0,Scorpio,Blue,Gaming,54.0,10,128.89011033756185,1044.2416582480314,0.26106041456200785,93,Home,0.21640509181186854,3,Desktop,No,Active,None,0
REC00742,Sofia Moore,3075539414.0,Aquarius,Blue,Photography,7.0,11,60.81416617792669,757.8748495454512,0.1894687123863628,7,Niche14,0.22696981962358106,2,Mobile,No,Active,None,0
REC00743,Ana Torres,3970985521.0,Scorpio,Gray,Cooking,200.0,9,33.788812180731064,362.85775667368375,0.09071443916842094,1,Niche20,0.2795332770131666,3,Mobile,No,Active,None,0
REC00744,Richard Brown,3139099256.0,Pisces,White,Photography,18.0,5,49.200187694352444,252.14394874128953,0.06303598718532238,15,Fashion,0.20807358015397515,1,Mobile,No,Active,None,0
REC00745,Richard Perez,3606785044.0,Libra,White,Hiking,48.0,9,16.523012858425076,135.61124690462842,0.033902811726157105,0,Niche20,0.26155050006479136,3,Mobile,No,Active,None,0
REC00746,Charles Gonzalez,3164694575.0,Sagittarius,Purple,Music,56.0,10,26.485562557868754,218.27517394894247,0.05456879348723562,45,Niche1,0.3031706219077327,1,Desktop,No,Pending,None,0
REC00747,Sofia Davis,3273991770.0,Aquarius,White,Cooking,45.0,7,36.65731591621028,217.37419044912698,0.054343547612281745,15,Niche13,0.38284221302598936,2,Mobile,Yes,Active,None,0
REC00748,Isabel Brown,3555120313.0,Taurus,Yellow,Gardening,,5,43.00673575324956,251.16960565977422,0.06279240141494355,11,Niche22,0.2257174034562899,0,Desktop,No,Active,None,0
REC00749,Laura Johnson,3174911552.0,Cancer,White,Travel,,4,41.72176187304162,177.25863423467825,0.04431465855866956,19,Garden,0.26734942760778385,2,Mobile,Yes,Active,None,0
REC00750,Sofia Anderson,3525183213.0,Pisces,Orange,Gaming,40.0,12,55.7544072063089,568.6049577791762,0.14215123944479405,4,Garden,,1,Desktop,No,Active,None,0
REC00751,Michael Davis,3745808960.0,Gemini,Purple,Gardening,18.0,8,41.409610220951684,309.52208001628134,0.07738052000407034,6,Niche23,0.6326499738575215,0,Mobile,No,Active,None,0
REC00752,Paula Gonzalez,3247993778.0,Sagittarius,White,Travel,29.0,10,50.29053737785853,528.235785555979,0.13205894638899474,9,Automotive,0.39890462588226316,3,Tablet,No,Active,None,0
REC00753,Maria Taylor,3028588061.0,Scorpio,Black,Hiking,21.0,7,37.694900987294034,244.52064210550955,0.06113016052637739,3,Niche12,0.11602553760767663,2,Mobile,No,Active,None,0
REC00754,Michael Smith,3036283216.0,Virgo,Yellow,Reading,,9,38.020638582499366,394.81560420229795,0.09870390105057449,14,,0.2745847203252097,2,Desktop,Yes,Active,None,0
REC00755,Maria Sanchez,3439795392.0,Libra,Orange,Gaming,41.0,11,56.41813081676074,508.41592762892907,0.12710398190723227,17,Niche22,0.101609835093204,2,Mobile,No,Active,None,0
REC00756,Robert Moore,3860756443.0,Gemini,Red,Cooking,54.0,12,33.783151027679246,464.3657001400342,0.11609142503500855,8,Niche0,0.061569463552032626,1,,Yes,Active,None,0
REC00757,Marta Perez,3384182457.0,Cancer,Orange,Photography,71.0,9,68.69511113142755,516.3483187724314,0.12908707969310784,5,Niche16,0.22454721125009466,0,Mobile,Yes,Active,None,0
REC00758,Carmen Miller,3095166981.0,Virgo,Black,Travel,18.0,11,47.16527355059237,570.8543172511294,0.14271357931278233,71,,0.6075917827600141,1,Mobile,Yes,Active,None,0
REC00759,Joseph Smith,3518961611.0,Aquarius,Yellow,Dancing,18.0,9,,352.2121049701281,0.08805302624253203,25,Niche19,0.40180337489221013,2,Mobile,Yes,Active,None,0
REC00760,Sofia Anderson,3323962862.0,Pisces,Pink,Hiking,53.0,7,137.31119729355632,961.4733127154387,0.2403683281788597,5,Books,0.3919400104912454,0,Mobile,Yes,Active,None,0
REC00761,Robert Martinez,3130201617.0,Cancer,Green,Reading,62.0,10,25.766385351858762,250.12254085563762,0.0625306352139094,3,Toys,0.12125373064489178,1,Mobile,No,Active,None,0
REC00762,Michael Sanchez,3859148685.0,Capricorn,Yellow,Cooking,39.0,7,,677.4210432973906,0.16935526082434765,29,Niche18,0.18591786310324623,0,Desktop,No,Active,None,0
REC00763,Joseph Miller,3480880124.0,Pisces,Pink,Travel,25.0,4,39.23719647137362,188.18330475617162,0.047045826189042905,25,Niche2,0.10560148491773788,2,Desktop,No,Active,None,0
REC00764,Marta Davis,3745316659.0,Cancer,Gray,Sports,50.0,13,43.25380200156147,621.0603940569849,0.15526509851424625,36,Niche2,0.4537726623825775,0,Desktop,Yes,Active,None,0
REC00765,Lucia Garcia,3941302196.0,Aquarius,Yellow,Cooking,18.0,10,50.71525200561351,436.0630219482328,0.1090157554870582,30,Niche21,0.19871212830518106,4,Mobile,Yes,Active,None,0
REC00766,David Martinez,3942438170.0,Virgo,Pink,Gardening,56.0,6,45.316413515460596,272.19412987455024,0.06804853246863755,11,Niche2,0.045229503689513215,2,Mobile,No,Active,None,0
REC00767,Richard Johnson,3796498783.0,Leo,Green,Dancing,70.0,7,35.985920711165946,229.60657027809344,0.05740164256952336,5000,Niche11,0.23806143935148577,1,Mobile,No,Active,None,0
REC00768,Paula Anderson,3159266885.0,Scorpio,Gray,Photography,9.0,12,35.21601732579618,431.72520751021005,0.10793130187755251,39,Toys,,1,Mobile,Yes,Active,None,0
REC00769,John Martinez,3126490154.0,Leo,Blue,Dancing,7.0,8,85.80030770624948,583.3200290146775,0.14583000725366937,17,Niche17,0.2314564237141256,1,Mobile,No,Active,None,0
REC00770,David Anderson,3076435344.0,Aquarius,Gray,Music,15.0,15,36.750628914851724,605.4846819424969,0.1513711704856242,16,,0.11447788891115597,1,Desktop,No,Active,None,0
REC00771,William Davis,3039466726.0,Sagittarius,Purple,Music,48.0,13,46.501429123705755,682.8555212212633,0.1707138803053158,5,Fashion,0.03435225192677441,3,Mobile,No,Active,None,0
REC00772,William Perez,3717165391.0,Cancer,Green,Hiking,31.0,10,14.408379966075035,123.98501426268531,0.030996253565671327,36,Grocery,0.40083516941147346,3,Mobile,Yes,Active,None,0
REC00773,Joseph Hernandez,3773976204.0,Aries,Blue,Reading,22.0,11,55.322218800019904,712.7177091943771,0.1781794272985943,3,Niche5,0.39062579855917484,1,Desktop,Yes,Active,None,0
REC00774,Elena Anderson,3416962762.0,Virgo,Blue,Sports,22.0,10,56.85683467034894,657.4709057981282,0.16436772644953207,2,Niche17,0.5911842381718094,1,Mobile,No,Active,None,0
REC00775,Laura Taylor,3299518636.0,Capricorn,Red,Cooking,46.0,11,26.01375577268283,322.1424319797859,0.08053560799494647,9,Sports,0.21451793521596632,2,Desktop,No,Active,None,0
REC00776,Isabel Rodriguez,3510361495.0,Taurus,Green,Cooking,26.0,6,103.95124989436992,680.3906247893748,0.17009765619734368,2,Niche13,0.26423192399371626,1,Mobile,Yes,Active,None,0
REC00777,David Torres,3109013253.0,Sagittarius,Red,Travel,13.0,8,,395.07013493767175,0.09876753373441793,7,Niche14,0.1254042426584072,3,Mobile,No,Active,None,0
REC00778,Charles Taylor,3138726223.0,Leo,Pink,Gardening,10.0,11,66.48029003044243,655.9503110962781,0.16398757777406953,15,Automotive,0.34513763244681595,2,Tablet,No,Active,None,0
REC00779,Carmen Gonzalez,3964271582.0,Libra,Gray,Gaming,68.0,9,26.30804927287885,268.49638156217594,0.06712409539054398,-10,Niche9,0.29891792339417833,2,Mobile,No,Active,None,0
REC00780,Thomas Smith,3729723933.0,Virgo,Gray,Cooking,17.0,7,62.21640482222271,445.63141586659657,0.11140785396664914,65,Niche11,0.5136608076484614,2,Desktop,Yes,Active,None,0
REC00781,Elena Perez,3730758234.0,Capricorn,Red,Hiking,21.0,7,32.953547395071865,215.00280986578073,0.053750702466445185,51,,0.23470276790753877,0,Mobile,No,Active,None,0
REC00782,Joseph Gonzalez,3008993368.0,Gemini,Purple,Photography,68.0,7,34.99728034284884,210.91611991679312,0.05272902997919828,61,Niche10,0.33040581720066503,2,Mobile,No,Active,None,0
REC00783,Richard Rodriguez,3084323732.0,Capricorn,Orange,Music,41.0,8,31.628479539092922,276.5254591639245,0.06913136479098113,6,Niche17,0.4949736838081528,1,Desktop,No,Active,None,0
REC00784,John Miller,3186030668.0,Taurus,Pink,Photography,43.0,9,,407.04409494757056,0.10176102373689264,0,,0.18950175572771813,1,Desktop,Yes,Active,None,0
REC00785,Sofia Martinez,3306385464.0,Libra,Red,Dancing,67.0,10,75.09551154257188,884.155242056503,0.22103881051412574,46,Beauty,0.22104789672145336,1,Mobile,Yes,Active,None,0
REC00786,William Ramirez,3724529057.0,Scorpio,Black,Travel,35.0,8,68.46549487144533,645.5315923238561,0.16138289808096404,22,Niche22,0.10806635910014901,0,Desktop,Yes,Active,None,0
REC00787,James Hernandez,3014912111.0,Capricorn,Red,Gaming,8.0,7,37.0592786124338,286.3660804602733,0.07159152011506832,11,Niche0,0.15145124267074625,1,Desktop,Yes,Active,Service,1
REC00788,John Torres,3313125277.0,Aquarius,White,Photography,12.0,7,25.42891189338416,195.98368830265397,0.048995922075663494,39,Grocery,0.13222628742687786,4,Mobile,No,Active,Competitor,1
REC00789,Marta Perez,3827150137.0,Leo,Gray,Photography,1.0,13,25.45133794661478,326.0304820052355,0.08150762050130887,46,Niche14,0.16731645025736402,4,Desktop,No,Active,None,0
REC00790,Sofia Miller,3250486235.0,Capricorn,Green,Dancing,65.0,15,51.47362874046824,923.8642944805762,0.23096607362014404,20,Niche0,0.29868578611447716,1,,No,Active,None,0
REC00791,James Torres,3866076879.0,Taurus,Gray,Hiking,39.0,10,27.30676689114063,254.10750660827188,0.06352687665206797,37,Niche18,0.11561493147587691,0,Mobile,Yes,Active,None,0
REC00792,Paula Torres,3064349790.0,Scorpio,Red,Reading,21.0,13,40.17973586795681,563.4810360828757,0.14087025902071892,16,Niche0,0.28461067863088646,2,Mobile,No,Active,None,0
REC00793,John Rodriguez,3702202771.0,Cancer,Pink,Travel,13.0,16,71.0618248684638,1210.8589371370754,0.3027147342842688,11,Niche16,0.2200274490125069,0,Desktop,Yes,Active,None,0
REC00794,Charles Sanchez,3237564299.0,Gemini,Orange,Gaming,15.0,10,,249.42028490741805,0.06235507122685451,4,Electronics,0.27407355011379253,0,Mobile,No,Active,None,0
REC00795,Ana Sanchez,3302639685.0,Taurus,Blue,Photography,60.0,13,99.25504626066203,1333.493962080711,0.3333734905201778,22,Niche0,0.2126196842755872,3,Mobile,Yes,Active,None,0
REC00796,Joseph Anderson,3619883463.0,Aries,Blue,Reading,9.0,9,62.19258432714592,542.5926663319409,0.13564816658298523,7,Garden,,2,,Yes,Active,None,0
REC00797,Michael Brown,3611654600.0,Taurus,Purple,Gardening,61.0,9,37.09449077545349,356.295629197224,0.089073907299306,32,Niche4,0.21267654705359987,1,Mobile,No,Active,None,0
REC00798,Thomas Wilson,3198036405.0,Taurus,Purple,Gardening,38.0,9,53.00804295340566,478.32988780725617,0.11958247195181404,7,Niche21,0.14709537239671375,0,Mobile,No,Active,None,0
REC00799,Laura Garcia,3455832678.0,Sagittarius,Green,Gaming,55.0,2,63.043258872627476,114.47591550353702,0.028618978875884257,29,Niche11,0.24949479224099896,0,Desktop,Yes,Active,None,0
REC00800,Carmen Moore,3125929929.0,Scorpio,Gray,Gardening,31.0,7,75.30968792676154,456.26470545661937,0.11406617636415484,21,Niche21,,1,,No,Active,None,0
REC00801,William Torres,3208224683.0,Pisces,Pink,Gardening,23.0,6,19.33747740636113,104.02891174312725,0.026007227935781814,23,Beauty,0.36152824564412583,0,,No,Active,None,0
REC00802,David Thomas,3997899985.0,Capricorn,Blue,Reading,49.0,10,50.700282216349976,525.1454564368261,0.13128636410920652,82,Niche14,0.1260260617867557,1,Mobile,Yes,Active,None,0
REC00803,Marta Martinez,3274599381.0,Libra,Yellow,Photography,18.0,8,31.950619946868866,222.9314912458665,0.055732872811466626,21,Niche18,0.13714548399498927,1,Desktop,Yes,Active,None,0
REC00804,Michael Garcia,3792050567.0,Pisces,White,Gaming,48.0,4,88.66680456842273,319.470882886899,0.07986772072172475,6,Niche0,0.15185470070883003,1,Desktop,Yes,Active,None,0
REC00805,Ana Garcia,3600349781.0,Taurus,Yellow,Hiking,20.0,16,39.32956815506442,525.7217111845442,0.13143042779613606,24,Niche8,0.3483829661704892,0,,No,Active,None,0
REC00806,Sofia Garcia,3320501279.0,Pisces,Yellow,Music,19.0,9,66.80834210829863,696.2141294899204,0.1740535323724801,23,Niche11,0.38800926963832033,0,,Yes,Active,None,0
REC00807,Thomas Johnson,3635136941.0,Aquarius,Red,Gardening,71.0,9,113.3982428226672,826.2974624648111,0.2065743656162028,0,Niche23,0.39022167350157716,2,Mobile,Yes,Active,None,0
REC00808,Ana Smith,3914723618.0,Libra,Black,Hiking,17.0,12,,219.52712925984807,0.05488178231496202,89,Niche7,0.29495065834385104,5,Mobile,No,Active,None,0
REC00809,Paula Smith,3202764438.0,Scorpio,Black,Photography,55.0,4,50.01716880220817,220.1067482459494,0.05502668706148735,60,Niche19,0.24527950166961784,0,Desktop,Yes,Active,None,0
REC00810,Joseph Rodriguez,3371109122.0,Sagittarius,White,Photography,50.0,11,90.06445232502128,870.8414904165653,0.21771037260414133,5,Niche9,0.10902132597808435,2,Mobile,Yes,Active,None,0
REC00811,Joseph Martinez,3614194168.0,Leo,Black,Sports,,3,62.22539364215928,197.17009868724466,0.049292524671811166,24,Niche8,0.23478386714995864,0,Mobile,No,Active,None,0
REC00812,Paula Thomas,3105354536.0,Libra,Blue,Photography,,14,95.08885167783977,1148.440104286341,0.28711002607158526,0,Books,0.07849979600346708,1,Desktop,Yes,Active,None,0
REC00813,Robert Smith,3277707201.0,Pisces,Red,Sports,16.0,11,42.28289292784388,476.1858736764472,0.1190464684191118,20,,0.059020521258587096,3,,No,Active,None,0
REC00814,Elena Thomas,3582090080.0,Sagittarius,Blue,Music,40.0,9,69.09872115502706,695.1137886514225,0.17377844716285562,50,Niche8,0.15010332165263499,0,Desktop,No,Active,None,0
REC00815,Thomas Anderson,3079726102.0,Sagittarius,Black,Travel,29.0,7,115.2616141331463,657.8547974282053,0.16446369935705132,30,Grocery,0.13514495774164692,1,Tablet,Yes,Active,None,0
REC00816,Joseph Smith,3945200110.0,Virgo,Gray,Hiking,62.0,6,,370.5031143753847,0.09262577859384617,23,Niche13,0.4830399908000103,2,Mobile,Yes,Active,None,0
REC00817,William Gonzalez,3178325753.0,Aries,White,Reading,14.0,7,133.3839656561479,784.328000510605,0.19608200012765123,8,Garden,,0,Mobile,No,Active,None,0
REC00818,William Moore,3698117203.0,Libra,Orange,Sports,42.0,9,41.43096064650751,369.5457933911603,0.09238644834779008,20,Niche6,0.27825447487117977,2,Mobile,No,Active,None,0
REC00819,Charles Smith,3859796734.0,Sagittarius,Pink,Hiking,56.0,9,45.831811353020484,489.0318547460801,0.12225796368652003,10,,0.2617246965612822,1,Desktop,Yes,Active,None,0
REC00820,James Brown,3129616482.0,Pisces,Gray,Travel,52.0,8,,267.6777050413672,0.0669194262603418,36,Niche9,0.16721810141954438,4,Mobile,No,Active,None,0
REC00821,Thomas Smith,3472564482.0,Gemini,White,Photography,57.0,10,67.79112053721478,697.0775209169714,0.17426938022924285,76,Niche16,,1,Desktop,No,Active,None,0
REC00822,Charles Lopez,3531817048.0,Virgo,Orange,Reading,45.0,10,34.438324691108896,314.34729628319735,0.07858682407079934,44,Fashion,,1,,Yes,Active,None,0
REC00823,Maria Martinez,3010958294.0,Gemini,Black,Sports,40.0,9,65.3399101578882,661.9600496861924,0.1654900124215481,8,Garden,0.10204366269823613,1,,Yes,Active,None,0
REC00824,James Garcia,3839736809.0,Cancer,Gray,Dancing,56.0,8,,236.3477255510874,0.05908693138777185,6,Niche23,0.2070626131886565,1,Mobile,No,Active,None,0
REC00825,David Sanchez,3491850586.0,Sagittarius,White,Cooking,62.0,10,66.7032533969847,713.9137777764695,0.17847844444411737,128,Niche9,0.2536026012204315,3,Mobile,No,Active,Other,1
REC00826,Sofia Hernandez,3754497705.0,Scorpio,Yellow,Sports,,9,56.43514226292988,593.0649642813992,0.1482662410703498,6,Niche0,0.25453807025925995,1,Desktop,No,Active,None,0
REC00827,Richard Hernandez,3187779424.0,Pisces,Green,Photography,20.0,9,71.56043974132434,622.3498300450724,0.1555874575112681,0,Beauty,0.5146543622524221,2,Mobile,Yes,Active,None,0
REC00828,Laura Torres,3152534237.0,Aquarius,White,Travel,43.0,9,15.891276694757497,168.5867504242926,0.04214668760607315,15,Niche9,0.06773825335491884,1,Desktop,No,Active,None,0
REC00829,Michael Anderson,3597510417.0,Virgo,Orange,Gardening,34.0,10,32.47773281168001,318.6057880259953,0.07965144700649883,7,Books,0.4262660592520125,2,Desktop,No,Active,None,0
REC00830,Isabel Davis,3633249819.0,Virgo,Blue,Reading,44.0,9,,722.3686604785696,0.1805921651196424,9,,0.39452459069797746,1,Tablet,No,Active,None,0
REC00831,Robert Gonzalez,3339410999.0,Pisces,Blue,Reading,25.0,13,22.603497450971627,249.86283254191272,0.06246570813547818,17,Garden,0.17898910218076858,1,Tablet,No,Active,None,0
REC00832,William Johnson,3848451915.0,Scorpio,Purple,Dancing,64.0,5,50.06637692824993,252.87108949628214,0.06321777237407053,0,Niche16,0.4299364011622565,0,Mobile,No,Active,None,0
REC00833,David Sanchez,3934384556.0,Virgo,Pink,Dancing,55.0,14,54.07685950645707,898.2663982234016,0.2245665995558504,20,Automotive,0.1087759316961272,2,Desktop,No,Active,None,0
REC00834,Paula Davis,3051871004.0,Pisces,White,Hiking,69.0,5,40.69394412313119,185.22917122907964,0.04630729280726991,22,Niche16,0.09221084393138718,3,Mobile,Yes,Active,None,0
REC00835,Michael Hernandez,3494175407.0,Pisces,Green,Gaming,12.0,6,48.07362212874795,285.14141507250906,0.07128535376812727,32,,0.08155844996647883,0,Tablet,Yes,Active,None,0
REC00836,Michael Davis,3663869468.0,Pisces,Orange,Hiking,59.0,7,25.81428959734268,209.6215960576968,0.052405399014424196,14,Grocery,0.01658996107936141,3,Desktop,Yes,Active,None,0
REC00837,David Johnson,3582977279.0,Capricorn,Black,Reading,20.0,12,47.76723636441044,554.7412801827907,0.13868532004569767,25,Automotive,0.07483674757207924,1,Mobile,Yes,Active,None,0
REC00838,James Perez,3724795991.0,Pisces,Blue,Cooking,36.0,7,38.332759647407876,254.06755782506812,0.06351688945626703,17,,,1,Desktop,Yes,Active,Service,1
REC00839,Charles Garcia,3631093848.0,Capricorn,Black,Dancing,39.0,12,65.45904826016671,812.8617993105587,0.20321544982763967,56,Garden,0.304033301184637,0,Desktop,Yes,Active,Competitor,1
REC00840,William Sanchez,3812173893.0,Virgo,Gray,Photography,12.0,7,76.60638600013503,583.9741758290943,0.14599354395727357,36,,,2,Desktop,Yes,Active,None,0
REC00841,Maria Moore,3769907130.0,Cancer,Yellow,Music,5.0,8,36.26813650301932,318.89710146346005,0.07972427536586502,2,,0.11470864474523751,1,Desktop,Yes,Active,None,0
REC00842,Carmen Perez,3528652678.0,Aries,Pink,Sports,1.0,11,57.709635923899135,565.9351198830748,0.1414837799707687,29,Niche0,0.12568398260831956,2,Mobile,No,Active,None,0
REC00843,Sofia Smith,3792006768.0,Cancer,Purple,Sports,2.0,11,46.55943937766935,420.10908147090623,0.10502727036772656,56,Niche21,0.07511246050298598,6,Mobile,No,Active,None,0
REC00844,James Anderson,3943299199.0,Scorpio,Blue,Photography,,10,25.519854655530246,295.6423951879346,0.07391059879698365,2,Niche8,0.1509709478024351,0,Mobile,No,Active,None,0
REC00845,Isabel Hernandez,3476496433.0,Aries,Pink,Gardening,46.0,9,37.515244830570985,375.41427875534436,0.09385356968883608,14,Home,0.650776989198204,1,Mobile,No,Active,None,0
REC00846,David Miller,3964469083.0,Cancer,Black,Music,71.0,10,29.748646622716738,303.77587175681384,0.07594396793920347,32,Garden,0.14640662219975278,0,Mobile,No,Active,None,0
REC00847,John Davis,3308815275.0,Aquarius,Blue,Hiking,25.0,7,54.92576841854562,453.5507743059186,0.11338769357647965,51,Niche8,0.2792039719771022,0,Mobile,No,Active,None,0
REC00848,Robert Lopez,3658445140.0,Taurus,Gray,Reading,5.0,7,27.582750699802176,225.0540982263667,0.05626352455659168,9,Toys,0.43379121966487216,1,Desktop,No,Active,None,0
REC00849,Marta Wilson,3981048645.0,Libra,Purple,Sports,30.0,9,46.463297801615475,413.5374633980758,0.10338436584951895,17,,0.14746838352720654,1,,Yes,Active,None,0
REC00850,Sofia Gonzalez,3797330285.0,Taurus,White,Photography,56.0,6,63.25242095674706,391.5883932699531,0.09789709831748827,5,Niche1,0.43819774406202666,3,Tablet,Yes,Active,None,0
REC00851,Isabel Sanchez,3698737612.0,Capricorn,Pink,Hiking,46.0,10,27.74265879483034,300.11358222295013,0.07502839555573754,6,Niche23,0.3002800907481773,0,Desktop,No,Active,None,0
REC00852,Carmen Perez,3865265418.0,Aries,Yellow,Gaming,13.0,10,85.65395821113911,855.9071457638561,0.21397678644096402,13,Automotive,0.4843208676237648,3,Desktop,No,Active,None,0
REC00853,Robert Brown,3791382154.0,Taurus,Yellow,Travel,37.0,9,101.48074118779282,821.9346470542133,0.20548366176355332,30,Beauty,0.19801269579757344,1,Mobile,No,Pending,None,0
REC00854,Maria Lopez,3282416512.0,Virgo,Red,Reading,16.0,8,25.70798823825293,222.84294647324543,0.05571073661831136,1,Niche22,0.04357682290364585,0,Desktop,Yes,Active,None,0
REC00855,David Rodriguez,3200361826.0,Gemini,White,Gaming,68.0,11,36.404573239130315,414.91751398898623,0.10372937849724656,5,Garden,0.30840373186647707,2,Mobile,Yes,Active,None,0
REC00856,James Hernandez,3271722548.0,Scorpio,White,Music,30.0,6,32.32708498441615,208.95913587499123,0.05223978396874781,22,Niche19,0.028847656192666028,3,Mobile,Yes,Active,None,0
REC00857,Laura Lopez,3314282557.0,Virgo,Purple,Music,,8,47.56914204198214,362.83923667092887,0.09070980916773222,24,Toys,0.3881116254610271,2,Desktop,No,Active,None,0
REC00858,William Lopez,3626968282.0,Cancer,Red,Travel,54.0,10,31.650452431456817,335.3262060505771,0.08383155151264428,9,Niche13,0.22465488941554046,0,Tablet,Yes,Active,None,0
REC00859,Sofia Lopez,3453381159.0,Aries,Yellow,Gardening,23.0,12,72.13335489788498,850.3582233605173,0.2125895558401293,13,Niche1,0.11503774817005388,1,,Yes,Active,None,0
REC00860,Robert Wilson,3180449590.0,Libra,Red,Music,21.0,7,33.61970678948752,201.56298785563172,0.05039074696390793,25,Niche11,0.16582820639242715,3,Mobile,No,Active,None,0
REC00861,Paula Thomas,3130056237.0,Pisces,Pink,Photography,27.0,9,69.58614945602055,510.80006813403486,0.12770001703350872,8,Niche22,0.23600698398056671,1,,Yes,Active,None,0
REC00862,Joseph Rodriguez,3614792736.0,Gemini,Purple,Gaming,28.0,9,34.36496751901802,350.62521558716963,0.08765630389679241,5,Niche0,0.06462101120387166,2,,Yes,Active,None,0
REC00863,Ana Gonzalez,3359986207.0,Capricorn,White,Hiking,60.0,11,82.54703372947033,1019.4577336846237,0.25486443342115594,11,Niche17,,0,Mobile,Yes,Active,Other,1
REC00864,Joseph Ramirez,3981935692.0,Scorpio,Blue,Reading,27.0,5,66.56839405140497,278.7284950412729,0.06968212376031822,4,Niche6,0.02805041379131459,0,Mobile,No,Active,None,0
REC00865,Robert Hernandez,3120567334.0,Libra,Blue,Sports,63.0,8,33.99413369043541,238.86953174849555,0.059717382937123885,27,Niche4,,3,Tablet,Yes,Active,None,0
REC00866,Isabel Martinez,3063989596.0,Sagittarius,Red,Gardening,58.0,12,60.94533239058108,774.2912046592452,0.1935728011648113,3,Niche11,0.033898513405947926,2,Mobile,No,Active,None,0
REC00867,Richard Anderson,3212664716.0,Taurus,Orange,Cooking,,3,,85.37979790308674,0.021344949475771684,0,Niche11,0.27819443560962476,3,Mobile,Yes,Active,None,0
REC00868,Robert Sanchez,3889962292.0,Gemini,Green,Sports,48.0,14,,960.4664994832691,0.24011662487081728,9,,0.3243815556777095,0,,Yes,Pending,None,0
REC00869,Paula Perez,3979302921.0,Leo,White,Photography,55.0,8,38.22730867992619,268.9450386015006,0.06723625965037515,52,Niche21,0.16355439263757662,0,Desktop,Yes,Active,None,0
REC00870,Richard Lopez,3764835477.0,Gemini,Blue,Gardening,46.0,12,42.80061942291024,456.36304463570787,0.11409076115892697,5,Niche15,0.25346393149536456,1,Mobile,No,Active,None,0
REC00871,Ana Davis,3747882481.0,Aquarius,White,Gardening,31.0,7,32.45578316297657,221.74064060279238,0.0554351601506981,24,Niche4,0.2942336036520843,1,Desktop,Yes,Active,None,0
REC00872,Sofia Torres,3168393495.0,Capricorn,Blue,Reading,300.0,6,73.65068271745606,477.3290790382301,0.11933226975955752,27,Niche10,0.28615681542469235,1,Mobile,Yes,Active,None,0
REC00873,Michael Taylor,3042045462.0,Virgo,Gray,Reading,17.0,6,76.61662993124867,484.4553168144571,0.12111382920361427,56,,0.35980562795937004,1,Mobile,Yes,Active,None,0
REC00874,Laura Torres,3179711505.0,Gemini,White,Travel,52.0,10,29.336735734875777,278.9638776813178,0.06974096942032945,8,Garden,,2,Mobile,Yes,Active,None,0
REC00875,Ana Brown,3183884490.0,Sagittarius,Green,Cooking,64.0,9,21.350864627135508,209.1539326563675,0.05228848316409187,15,Niche14,0.2789176581005329,0,Desktop,No,Active,None,0
REC00876,Robert Johnson,3452344917.0,Cancer,Yellow,Gaming,38.0,7,31.879553625174168,232.95569671904016,0.05823892417976004,19,Toys,0.29216385324003435,2,Desktop,No,Active,None,0
REC00877,Robert Sanchez,3361479102.0,Gemini,Blue,Music,34.0,11,,450.6193783142788,0.1126548445785697,2,Niche14,0.5034934523055503,0,Desktop,No,Active,None,0
REC00878,Ana Hernandez,3847955854.0,Cancer,Black,Cooking,27.0,6,24.839440917412077,173.01467044845566,0.04325366761211392,6,Niche8,0.318116873833798,1,Desktop,No,Active,Other,1
REC00879,Marta Brown,3627910879.0,Libra,Pink,Sports,19.0,3,24.753706679110827,88.38956821740601,0.022097392054351503,52,Electronics,0.43715497858655367,2,Desktop,Yes,Active,None,0
REC00880,John Johnson,3165558743.0,Scorpio,Purple,Sports,43.0,11,26.138649083143477,304.62177934244306,0.07615544483561076,3,,0.2529982889108102,0,,No,Active,None,0
REC00881,Michael Ramirez,3534534666.0,Sagittarius,Green,Dancing,49.0,14,23.737548965756638,281.70624451313614,0.07042656112828403,2,Niche5,0.1661470318304142,2,Desktop,No,Active,Other,1
REC00882,Joseph Moore,3292380075.0,Aries,Orange,Dancing,2.0,14,57.556128051870736,713.9551072164695,0.17848877680411737,28,Niche1,0.32717854782191835,1,Desktop,No,Active,None,0
REC00883,John Perez,3497060907.0,Gemini,Blue,Sports,14.0,10,42.6828253105141,370.31150499516593,0.09257787624879148,27,Niche6,0.4565910927074991,1,Desktop,Yes,Active,None,0
REC00884,Sofia Lopez,3636335130.0,Cancer,Gray,Reading,,7,80.83610717453897,524.3591550222873,0.1310897887555718,20,,0.15153908825832546,1,Mobile,No,Active,None,0
REC00885,Paula Torres,3454032404.0,Gemini,Orange,Gaming,19.0,12,24.973757749611625,345.55718559494807,0.08638929639873702,16,Toys,0.07306563052855272,1,,No,Active,None,0
REC00886,Isabel Davis,3337723423.0,Libra,White,Gardening,,14,32.52020763087622,374.1624680524437,0.09354061701311094,6,Beauty,0.2318064267242702,2,Desktop,No,Active,None,0
REC00887,James Rodriguez,3824103951.0,Aquarius,Blue,Sports,,12,76.92985339938286,768.9866999718427,0.19224667499296066,18,Garden,0.3419437159053857,0,Desktop,No,Active,None,0
REC00888,John Smith,3548739935.0,Virgo,Blue,Photography,59.0,8,44.82615504843841,410.83217038664293,0.10270804259666073,0,Niche13,,1,Mobile,No,Active,None,0
REC00889,Richard Johnson,3261788100.0,Capricorn,Orange,Reading,62.0,10,60.73111292600624,723.963714184172,0.18099092854604298,13,Toys,0.2836886481233093,0,Tablet,No,Active,None,0
REC00890,Sofia Martinez,3862586568.0,Taurus,Yellow,Dancing,58.0,9,34.619106202526574,362.5786131013145,0.09064465327532863,4,Grocery,0.2661592163120921,1,Desktop,No,Active,None,0
REC00891,Robert Wilson,3396407093.0,Gemini,White,Music,4.0,8,44.394342876996454,326.48018346141555,0.08162004586535389,27,Home,0.14980504211076948,0,Desktop,No,Active,None,0
REC00892,Lucia Smith,3715545035.0,Pisces,Blue,Hiking,30.0,9,,112.8073214681866,0.02820183036704665,0,,0.38146785351846024,1,,Yes,Active,None,0
REC00893,Sofia Smith,3995426070.0,Sagittarius,Green,Gardening,33.0,15,88.16574117829772,1481.7242019019775,0.37043105047549435,19,Niche8,0.14305620549466272,2,Tablet,Yes,Active,None,0
REC00894,Lucia Moore,3836937679.0,Leo,White,Gardening,33.0,8,65.25268784435079,534.0146633576944,0.1335036658394236,68,Niche13,,2,Mobile,No,Active,None,0
REC00895,James Lopez,3943918854.0,Libra,Gray,Sports,,8,16.56994728483321,135.41014199661674,0.033852535499154186,28,Beauty,0.5426293160747784,0,Mobile,Yes,Active,None,0
REC00896,Isabel Hernandez,3453934352.0,Scorpio,Black,Music,57.0,8,40.75361712066286,295.04172256699104,0.07376043064174775,30,,0.25581514912926423,0,,Yes,Active,None,0
REC00897,Robert Ramirez,3543803425.0,Gemini,Blue,Photography,46.0,7,61.06330789806611,438.5399022112292,0.10963497555280731,33,,0.6503689158181486,0,Mobile,No,Active,None,0
REC00898,James Moore,3504996795.0,Sagittarius,Orange,Dancing,16.0,5,,255.5103611151422,0.06387759027878555,2,Garden,0.0459483468732425,1,Mobile,Yes,Active,None,0
REC00899,James Sanchez,3858872856.0,Gemini,Gray,Reading,37.0,9,,444.62808902693536,0.11115702225673384,14,Niche11,0.20708546285633692,0,Desktop,No,Active,None,0
REC00900,Marta Davis,3484128245.0,Leo,White,Sports,,12,,721.2374117293107,0.18030935293232767,5,Niche6,0.29437170015225145,1,Desktop,No,Active,None,0
REC00901,Laura Thomas,3497791377.0,Sagittarius,Red,Hiking,48.0,9,40.80344339698692,391.99939936546826,0.09799984984136706,13,Garden,0.2241226258366457,0,Mobile,Yes,Active,None,0
REC00902,Marta Perez,3984968631.0,Gemini,Green,Reading,,4,35.68283874772438,167.34009855372656,0.04183502463843164,33,Niche17,0.4168431340418411,2,,Yes,Active,Competitor,1
REC00903,David Smith,3425861810.0,Libra,Pink,Hiking,,8,54.91343994214729,462.95492419904474,0.11573873104976118,3,Niche4,0.29950509695443794,1,Mobile,Yes,Active,None,0
REC00904,Ana Hernandez,3596114967.0,Taurus,Red,Travel,50.0,14,33.706436293195154,438.71470273301577,0.10967867568325394,18,Niche14,0.18784504717759254,1,Desktop,No,Active,None,0
REC00905,William Anderson,3151968570.0,Scorpio,Purple,Reading,25.0,7,58.7948981370218,478.6489041654789,0.11966222604136972,28,Home,0.36606444477300015,2,Mobile,Yes,Active,None,0
REC00906,Ana Perez,3453208947.0,Capricorn,Pink,Cooking,21.0,7,47.056330735329425,301.28298313168756,0.07532074578292189,9,Books,0.16384600350373965,0,Desktop,Yes,Active,None,0
REC00907,Laura Taylor,3568620593.0,Gemini,Orange,Gaming,,11,56.41218794754757,659.4743935219383,0.16486859838048457,23,Niche20,,2,Tablet,Yes,Active,Other,1
REC00908,Richard Moore,3534432475.0,Virgo,White,Hiking,11.0,7,,495.09477864398224,0.12377369466099555,0,Electronics,0.10386271591515252,4,,Yes,Active,None,0
REC00909,Ana Anderson,3344457898.0,Aries,Pink,Cooking,71.0,10,93.43373075660433,791.5591053407206,0.19788977633518015,12,Niche12,0.07866988587554972,0,Desktop,No,Active,None,0
REC00910,Charles Johnson,3682010963.0,Pisces,Gray,Photography,9.0,8,46.254933973749566,369.2559314348095,0.09231398285870238,2,Niche8,0.5848812795332285,0,Desktop,Yes,Active,None,0
REC00911,Laura Wilson,3136605082.0,Aquarius,Black,Travel,-5.0,12,35.753814177504424,459.3015327058214,0.11482538317645535,9,Electronics,0.24879521627110746,2,Mobile,No,Active,None,0
REC00912,Laura Rodriguez,3723669856.0,Aquarius,White,Dancing,,6,37.83971270790123,240.18795987206644,0.06004698996801661,0,Home,0.1779702367377721,1,Desktop,No,Active,None,0
REC00913,Maria Sanchez,3404029561.0,Virgo,Purple,Photography,18.0,8,66.41607470102927,567.0671259149331,0.14176678147873326,3,Niche5,,1,Mobile,No,Active,None,0
REC00914,Ana Brown,3803460923.0,Leo,Red,Hiking,65.0,5,41.600732326253585,238.2929391993078,0.05957323479982695,15,Niche11,0.21363055272307094,1,Mobile,Yes,Active,None,0
REC00915,Maria Perez,3066181672.0,Capricorn,Gray,Travel,56.0,16,65.10458375954279,1004.9740938651445,0.25124352346628614,12,,0.5110273729362581,1,Desktop,Yes,Active,None,0
REC00916,Marta Gonzalez,3605132758.0,Virgo,Yellow,Dancing,10.0,9,,472.9523869674822,0.11823809674187055,52,Fashion,0.24064189242911857,0,Desktop,No,Active,None,0
REC00917,Charles Sanchez,3827568350.0,Libra,Black,Sports,60.0,7,,707.7515255238438,0.17693788138096095,5,Niche11,0.36341007237068584,4,Mobile,Yes,Active,Service,1
REC00918,William Hernandez,3482043545.0,Virgo,Gray,Gardening,68.0,10,51.8278143779758,522.3158170632124,0.1305789542658031,9,Niche21,0.12162369128445485,1,Mobile,No,Active,None,0
REC00919,John Sanchez,3280348618.0,Aries,Blue,Dancing,53.0,5,31.576236575045318,184.38953790856326,0.04609738447714081,4,Niche10,0.32787299899113787,3,Mobile,No,Active,None,0
REC00920,David Ramirez,3411436544.0,Aquarius,Purple,Travel,33.0,6,,593.4915185519222,0.14837287963798057,85,,0.09321380993789882,0,Desktop,No,Active,None,0
REC00921,Lucia Garcia,3769558154.0,Virgo,Pink,Sports,49.0,9,32.30976945072468,329.9944288118501,0.08249860720296254,117,Automotive,0.47460932636841696,1,Mobile,No,Active,Other,1
REC00922,Sofia Brown,3755822567.0,Gemini,Purple,Travel,55.0,9,30.099967434470372,285.95176778767564,0.0714879419469189,24,,0.30347064704220683,0,Mobile,Yes,Active,None,0
REC00923,Robert Gonzalez,3080168508.0,Leo,Purple,Reading,45.0,11,,627.3343623232856,0.1568335905808214,1,Niche3,0.16681500412111994,1,Desktop,No,Pending,None,0
REC00924,John Anderson,3354128226.0,Libra,Red,Gardening,39.0,8,29.146626015525502,209.37609788568767,0.05234402447142192,9,Niche23,0.0734165853986781,0,Mobile,Yes,Active,None,0
REC00925,Isabel Davis,3256451691.0,Aquarius,Purple,Gaming,,5,50.424611114979015,247.45369488424532,0.06186342372106133,40,Beauty,,1,Tablet,Yes,Active,None,0
REC00926,Maria Wilson,3797364947.0,Sagittarius,Black,Photography,24.0,10,46.58959975704667,542.872037777092,0.135718009444273,19,Grocery,0.2034733449461199,0,,No,Active,Competitor,1
REC00927,Paula Miller,3284988894.0,Libra,Black,Sports,52.0,8,52.315812482838986,383.4940518219259,0.09587351295548148,20,Niche18,0.49956403210740563,0,Desktop,No,Active,None,0
REC00928,James Taylor,3888449779.0,Leo,White,Music,69.0,12,131.7179822782896,1806.6975127162377,0.4516743781790594,78,Niche18,0.4996509921658862,1,,No,Pending,None,0
REC00929,Robert Thomas,3692664435.0,Taurus,Orange,Gardening,60.0,9,59.5170714969686,519.9176173581134,0.12997940433952834,2,Niche16,0.4017282569789728,1,Mobile,No,Active,None,0
REC00930,Robert Taylor,3653581000.0,Gemini,Gray,Reading,61.0,9,40.46329132492954,406.7321724755808,0.1016830431188952,63,Fashion,0.20816635638002753,2,Mobile,Yes,Active,None,0
REC00931,Charles Gonzalez,3589851402.0,Scorpio,White,Photography,19.0,9,188.99439010343298,1615.7134089156484,0.4039283522289121,52,Niche13,0.19784618348603072,1,Tablet,No,Active,None,0
REC00932,Isabel Miller,3623569749.0,Sagittarius,Black,Sports,41.0,7,70.6023807505818,414.5162679319721,0.10362906698299303,9,,0.2707186995156869,1,Desktop,No,Active,None,0
REC00933,Laura Martinez,3684711469.0,Capricorn,Red,Gardening,,9,38.58027082833745,331.9657057788006,0.08299142644470016,10,Niche9,,4,Desktop,No,Active,None,0
REC00934,Robert Miller,3872199996.0,Gemini,Purple,Photography,14.0,10,99.46388909350149,1150.9111757440191,0.2877277939360048,4,Niche13,0.23192728487889977,2,Mobile,No,Active,None,0
REC00935,Maria Thomas,3529144759.0,Capricorn,Purple,Gardening,,11,17.597299315174716,190.74592190889894,0.047686480477224735,1,,0.29317323881627744,2,Mobile,No,Active,None,0
REC00936,William Miller,3163556000.0,Cancer,Orange,Sports,2.0,12,42.89997606381667,490.29125540970256,0.12257281385242563,13,Electronics,0.08892122466440651,0,Mobile,No,Active,None,0
REC00937,Joseph Johnson,3922251689.0,Leo,White,Travel,25.0,8,37.12134046509245,355.99511243653114,0.08899877810913279,7,Niche11,0.652995773228399,2,Mobile,No,Active,None,0
REC00938,Maria Anderson,3219931651.0,Pisces,Black,Sports,33.0,10,,475.77376620087705,0.11894344155021926,16,Niche7,,0,,Yes,Active,None,0
REC00939,Paula Moore,3248067313.0,Capricorn,Pink,Gardening,20.0,11,50.34917287674844,450.0136002733045,0.11250340006832613,57,,0.05867497361236462,1,Tablet,No,Active,None,0
REC00940,Ana Gonzalez,3626431616.0,Sagittarius,Purple,Hiking,46.0,6,38.238919441878565,194.22288863250932,0.04855572215812733,0,Niche6,0.08951320478924377,0,Mobile,No,Active,None,0
REC00941,Robert Ramirez,3333917082.0,Aquarius,White,Photography,51.0,4,70.7820254205662,261.6071431517051,0.06540178578792627,19,Niche24,0.34283851710432806,3,Desktop,No,Active,None,0
REC00942,Laura Ramirez,3079047031.0,Scorpio,White,Reading,68.0,8,80.05471977716758,729.8169388227531,0.18245423470568828,17,Niche18,0.12322950400127293,0,Mobile,No,Active,Competitor,1
REC00943,John Lopez,3364430302.0,Cancer,Green,Gaming,63.0,10,23.824815166562093,235.852565352459,0.058963141338114755,30,Niche5,0.20562109338412335,1,Mobile,Yes,Active,None,0
REC00944,Elena Martinez,3108409847.0,Capricorn,Gray,Gardening,39.0,12,22.81267617426229,224.29827381397703,0.05607456845349426,69,Niche10,0.15774204506960626,6,,Yes,Active,Service,1
REC00945,Richard Sanchez,3991094760.0,Aquarius,Gray,Gardening,,9,102.32938983966561,811.8694994824182,0.20296737487060454,9,Garden,0.2725248347873376,1,Tablet,No,Active,None,0
REC00946,Richard Sanchez,3378255582.0,Cancer,Purple,Gaming,8.0,8,36.710895029869484,250.49344570627323,0.06262336142656831,7,,0.3433656523008847,1,Desktop,Yes,Active,None,0
REC00947,Carmen Moore,3459798176.0,Scorpio,White,Hiking,54.0,11,19.6912140409327,240.7645858382059,0.060191146459551474,7,Home,0.6185149639737605,1,Desktop,No,Active,None,0
REC00948,Michael Martinez,3522821212.0,Virgo,Red,Reading,57.0,10,41.175196865970676,370.55044437069716,0.0926376110926743,9,Niche20,0.12206087965636409,1,Mobile,Yes,Active,None,0
REC00949,Ana Davis,3875545995.0,Virgo,Red,Gardening,22.0,8,54.45759841879896,422.2352913540993,0.10555882283852482,3,Niche2,0.17757643667120684,2,Desktop,No,Active,None,0
REC00950,Michael Lopez,3247899950.0,Aries,Gray,Gardening,64.0,12,61.06281373329597,751.417217771925,0.18785430444298126,0,,0.28169286298817797,2,Mobile,Yes,Active,None,0
REC00951,Isabel Torres,3532911057.0,Gemini,Purple,Photography,56.0,14,58.51528125087655,929.0704909425596,0.2322676227356399,5,Niche9,0.40230986406434444,1,Desktop,No,Active,None,0
REC00952,Maria Sanchez,3494336730.0,Sagittarius,Red,Hiking,50.0,9,,374.1939870793194,0.09354849676982985,40,Niche21,0.19050098285242897,0,Tablet,Yes,Active,None,0
REC00953,Paula Gonzalez,3954198963.0,Taurus,Blue,Dancing,1.0,10,22.525191855455542,185.50385637920297,0.04637596409480074,24,Grocery,,3,Mobile,No,Active,None,0
REC00954,Ana Sanchez,3720742021.0,Libra,Black,Reading,67.0,10,44.53992188485829,367.94342898866836,0.0919858572471671,16,Beauty,0.2978871511553883,1,Mobile,No,Active,None,0
REC00955,James Moore,3424024807.0,Pisces,White,Gardening,29.0,10,61.87038642185966,529.4691675995352,0.1323672918998838,42,Niche4,0.10116988169392817,0,Mobile,No,Active,None,0
REC00956,James Torres,3613925379.0,Aries,Red,Gardening,7.0,9,78.26295122174548,796.7918018076717,0.19919795045191793,7,Books,0.40937829798377035,1,Mobile,Yes,Active,None,0
REC00957,Thomas Moore,3268099955.0,Leo,Black,Sports,55.0,7,54.145243225672765,367.61577484860044,0.0919039437121501,37,,0.26357921426692155,2,Desktop,Yes,Active,None,0
REC00958,Laura Gonzalez,3473167214.0,Taurus,Pink,Gardening,27.0,10,85.23117241986586,920.5361916599974,0.23013404791499933,1,Niche9,0.3136065617197491,0,Mobile,Yes,Active,None,0
REC00959,Laura Davis,3867431331.0,Libra,Gray,Sports,3.0,16,,459.89888816425884,0.11497472204106471,41,Niche21,0.3495162290325119,0,Mobile,No,Active,None,0
REC00960,James Johnson,3069841091.0,Scorpio,Orange,Sports,39.0,14,46.205687246,729.9259905912935,0.18248149764782337,25,Niche10,0.3954348827196423,2,Desktop,Yes,Active,None,0
REC00961,Ana Anderson,3563628195.0,Cancer,Orange,Gaming,,14,39.2062200212537,533.5475714155037,0.13338689285387592,74,Niche13,0.5188977515700264,3,Mobile,No,Active,None,0
REC00962,Joseph Miller,3863880788.0,Pisces,Purple,Cooking,64.0,7,,681.2660122722235,0.17031650306805587,21,Sports,0.16313834431052734,0,Desktop,Yes,Active,None,0
REC00963,Maria Taylor,3144275182.0,Taurus,Purple,Music,,8,69.62565166720748,632.8575938026702,0.15821439845066754,0,Niche13,0.23167437682198652,2,Desktop,No,Active,None,0
REC00964,James Davis,3703390789.0,Sagittarius,Yellow,Travel,34.0,10,222.1014465538043,2243.236586221131,0.5608091465552827,11,,,0,Mobile,Yes,Active,None,0
REC00965,James Moore,3350217632.0,Sagittarius,Green,Music,54.0,8,51.149326076228775,403.5514748124202,0.10088786870310505,13,Garden,0.04564838990123625,2,,Yes,Active,None,0
REC00966,Michael Taylor,3901422673.0,Cancer,Orange,Music,44.0,13,66.94609326666821,945.8490791911332,0.23646226979778331,4,Niche11,,1,Mobile,Yes,Active,None,0
REC00967,Michael Perez,3240557396.0,Scorpio,White,Dancing,60.0,10,52.20002114729165,589.7368324350143,0.14743420810875357,25,Grocery,0.3060250613463693,0,Desktop,No,Active,None,0
REC00968,Marta Sanchez,3890164876.0,Gemini,Blue,Gardening,61.0,13,25.206676651201438,358.3100969586218,0.08957752423965544,18,Niche6,0.19028210099961956,0,Desktop,No,Active,None,0
REC00969,Carmen Thomas,3593279244.0,Scorpio,Pink,Reading,47.0,10,38.463503917119866,5000000.0,0.08264479064227064,36,Niche16,0.12403654203595325,3,Mobile,Yes,Active,None,0
REC00970,Charles Wilson,3882917639.0,Cancer,Purple,Music,44.0,9,,468.6389449062054,0.11715973622655135,2,Niche14,0.1962495220928486,0,Tablet,Yes,Active,None,0
REC00971,David Hernandez,3349269026.0,Pisces,White,Music,11.0,9,23.285816032781923,172.07944740646553,0.04301986185161638,28,Niche12,0.46506528990842905,0,Desktop,No,Active,None,0
REC00972,Sofia Moore,3120010473.0,Gemini,Red,Dancing,8.0,7,44.58345853276882,360.03154920142185,0.09000788730035546,16,,0.30341183063849864,2,Mobile,No,Active,Other,1
REC00973,Charles Taylor,3342580906.0,Aries,Pink,Reading,65.0,11,23.35682969625547,300.6164375296496,0.0751541093824124,25,Niche13,0.21437432505336462,1,Desktop,Yes,Active,None,0
REC00974,Ana Smith,3978290700.0,Libra,White,Cooking,23.0,12,215.70856881773355,2618.4304952574566,0.6546076238143642,58,Sports,0.27835583190759333,0,Desktop,Yes,Active,None,0
REC00975,Richard Martinez,3868247329.0,Cancer,Green,Reading,17.0,9,79.85945164206768,636.3348880650574,0.15908372201626433,31,Niche16,0.33819625505094886,1,Mobile,No,Active,None,0
REC00976,William Hernandez,3237302979.0,Cancer,Green,Cooking,41.0,2,58.38636884906406,109.1940414490833,0.027298510362270826,3,Niche17,0.04166230779451468,1,Desktop,No,Active,None,0
REC00977,David Thomas,3733563390.0,Taurus,Orange,Gardening,,8,71.90336930679554,664.3521259968816,0.16608803149922038,8,Niche23,0.30429498381744113,1,Desktop,No,Active,None,0
REC00978,Charles Torres,3434339688.0,Virgo,Green,Dancing,21.0,8,90.77426470008328,860.4394981030649,0.21510987452576624,57,Grocery,0.3783195463835628,4,Mobile,Yes,Active,None,0
REC00979,Paula Moore,3688396749.0,Taurus,Blue,Dancing,19.0,11,92.96592063022543,841.6600835795113,0.21041502089487782,8,Automotive,0.23633366822316784,1,Mobile,No,Active,None,0
REC00980,Thomas Wilson,3571240394.0,Aquarius,White,Dancing,25.0,8,51.18417887087635,329.821133241216,0.082455283310304,9,Toys,0.3696148760937875,1,Desktop,No,Active,None,0
REC00981,Laura Johnson,3279395905.0,Virgo,Black,Gardening,54.0,14,41.131043756570286,587.1839941793266,0.14679599854483166,27,Beauty,0.6212198363278563,0,Desktop,No,Active,None,0
REC00982,Isabel Garcia,3126842959.0,Cancer,Gray,Photography,51.0,12,54.243963108891556,573.0866094648676,0.1432716523662169,4,Niche1,0.0899811718388212,2,Tablet,No,Active,None,0
REC00983,James Hernandez,3324220023.0,Pisces,Green,Reading,43.0,8,47.40727909346057,424.0655412267211,0.10601638530668028,23,Niche22,0.3262032233117906,3,Mobile,No,Active,None,0
REC00984,Charles Hernandez,3374424339.0,Aries,Green,Photography,3.0,5,23.54261623782551,140.4445334035143,0.03511113335087857,24,Toys,,4,Mobile,No,Active,None,0
REC00985,David Hernandez,3535716396.0,Capricorn,White,Dancing,7.0,7,18.044255715929015,105.48573532416191,0.026371433831040476,32,,0.04464311252804335,1,Desktop,Yes,Active,None,0
REC00986,William Garcia,3142281027.0,Sagittarius,Black,Gaming,2.0,16,74.08061557351908,967.664976325989,0.24191624408149723,34,Niche23,0.31481068255400557,2,Mobile,Yes,Active,None,0
REC00987,Maria Moore,3319882399.0,Cancer,Black,Cooking,57.0,11,71.99671626462435,767.1971387047641,0.19179928467619103,5000,Niche23,0.2832136608438237,1,Mobile,Yes,Active,Competitor,1
REC00988,Thomas Perez,3682344951.0,Virgo,Blue,Sports,33.0,6,43.19658176051335,240.98728086846336,0.06024682021711584,55,Niche6,0.046532631472667056,1,Mobile,No,Active,None,0
REC00989,Elena Smith,3030168889.0,Libra,Black,Travel,,5,27.052498826447227,129.08559434476865,0.032271398586192164,0,Niche15,0.22228977538994868,1,Tablet,No,Active,None,0
REC00990,Lucia Torres,3192406768.0,Aquarius,Blue,Travel,53.0,9,33.6034156595432,281.3824636595119,0.07034561591487798,28,Niche16,0.3323045446278241,3,Mobile,No,Active,None,0
REC00991,John Rodriguez,3907675304.0,Cancer,Green,Gardening,34.0,12,60.87782089474232,618.4162951611585,0.15460407379028962,22,Niche6,0.4373496088533748,0,,No,Active,None,0
REC00992,Paula Martinez,3136734644.0,Pisces,White,Cooking,3.0,5,38.58246561205047,222.96127646344905,0.05574031911586226,0,Fashion,0.15542378856139868,1,Mobile,No,Active,None,0
REC00993,David Taylor,3778357643.0,Sagittarius,Black,Dancing,48.0,7,24.437034519738464,137.14504170320131,0.03428626042580033,15,,0.42921352194583545,1,Mobile,No,Active,None,0
REC00994,William Martinez,3639116943.0,Gemini,Orange,Sports,36.0,6,52.22628566607397,267.2546508858339,0.06681366272145847,82,Niche13,0.3971421102708118,0,Desktop,No,Active,None,0
REC00995,Charles Hernandez,3289601448.0,Leo,Yellow,Dancing,49.0,8,32.79773431803497,234.19910906114583,0.05854977726528646,15,Beauty,0.3082816987433953,1,Desktop,Yes,Active,None,0
REC00996,Elena Thomas,3557623052.0,Leo,Red,Travel,69.0,11,67.4765977768543,718.1345221116153,0.17953363052790383,12,,0.33180603186713414,3,Mobile,No,Active,None,0
REC00997,Paula Davis,3889074196.0,Virgo,Red,Reading,52.0,4,,179.51942647348093,0.04487985661837023,6,Toys,0.2863154624809246,1,Mobile,No,Active,None,0
REC00998,Sofia Wilson,3089424390.0,Aquarius,Gray,Sports,35.0,8,75.23551496116431,573.759469434096,0.143439867358524,58,Niche20,,2,,No,Active,None,0
REC00999,Joseph Wilson,3938245839.0,Taurus,White,Sports,56.0,10,33.25214121137444,275.42942858349875,0.06885735714587468,0,,0.40404052661323536,1,Desktop,No,Active,None,0
REC01000,Maria Anderson,3193212819.0,Sagittarius,Gray,Music,61.0,10,87.47158357308943,867.0940001417576,0.2167735000354394,31,Niche7,0.09990205025548125,2,Mobile,Yes,Active,None,0
REC01001,Sofia Hernandez,3026700319.0,Scorpio,Orange,Gardening,47.0,5,25.549810943081532,134.7838519345189,0.03369596298362973,7,,0.2344308681709572,1,Mobile,Yes,Active,None,0
REC01002,Thomas Smith,3259858180.0,Virgo,Green,Gaming,60.0,12,,531.9199744643762,0.13297999361609406,34,Sports,0.0676937454771782,4,Mobile,Yes,Active,None,0
REC01003,John Thomas,3570704821.0,Aries,Gray,Reading,42.0,5,26.91150543155191,144.77268105300587,0.036193170263251466,43,Niche4,,3,Mobile,No,Active,Price,1
REC01004,Joseph Lopez,3684112421.0,Sagittarius,Pink,Gardening,58.0,8,23.46367630143927,167.61339232935453,0.04190334808233863,21,,0.27406159559713367,0,Mobile,Yes,Active,None,0
REC01005,Charles Thomas,3495040703.0,Aquarius,Purple,Music,,6,28.482964720308317,180.1346591819592,0.0450336647954898,0,Garden,0.16514357535655874,6,Desktop,No,Active,Price,1
REC01006,John Thomas,3919403577.0,Libra,Blue,Music,70.0,7,27.107000962742386,170.66508210181263,0.04266627052545316,13,Niche12,,0,Mobile,No,Active,None,0
REC01007,John Wilson,3454790868.0,Scorpio,Gray,Travel,46.0,6,129.6672584901267,792.1033581976695,0.19802583954941738,8,Niche23,0.39354280533151487,2,Desktop,No,Active,None,0
REC01008,Ana Moore,3953730625.0,Cancer,Orange,Dancing,,4,38.36142368472477,165.45409523813476,0.04136352380953369,27,Niche2,0.040737488690019565,1,Desktop,No,Active,None,0
REC01009,Michael Brown,3509392608.0,Cancer,Blue,Hiking,,8,50.85288513298876,396.48168405596914,0.09912042101399228,50,,0.5980083210569299,0,Mobile,No,Active,None,0
REC01010,Carmen Rodriguez,3143585781.0,Aries,Blue,Cooking,64.0,7,36.358863530361276,218.19134357808386,0.05454783589452097,60,,0.3010285732067118,1,Mobile,Yes,Active,None,0
REC01011,Laura Davis,3444616368.0,Aries,Gray,Music,11.0,8,48.49228532047384,329.58381923143713,0.08239595480785929,6,Niche10,0.6108628376286855,1,,Yes,Active,None,0
REC01012,John Ramirez,3930723152.0,Scorpio,Red,Reading,30.0,11,49.85803152148189,504.3893427322426,0.12609733568306064,14,Niche24,0.8008193255132167,0,Desktop,No,Active,None,0
REC01013,Maria Wilson,3678698495.0,Aquarius,Purple,Gaming,13.0,9,27.465097970825852,222.91885868072112,0.05572971467018028,52,Niche2,0.2652637646280418,2,Mobile,No,Active,Price,1
REC01014,Paula Garcia,3890537937.0,Scorpio,Yellow,Cooking,4.0,3,45.08226298919435,112.08124995409408,0.02802031248852352,15,Niche5,,0,Mobile,Yes,Active,None,0
REC01015,Robert Garcia,3223074171.0,Libra,Red,Music,51.0,9,20.974373696391318,155.52204023594925,0.038880510058987315,3,Niche21,0.048762146928335824,1,Desktop,No,Active,None,0
REC01016,William Miller,3891060783.0,Gemini,Pink,Photography,15.0,7,,210.76467416500859,0.052691168541252144,16,Niche17,0.28916418261277416,1,Mobile,Yes,Active,Price,1
REC01017,Richard Taylor,3815125840.0,Sagittarius,Orange,Photography,58.0,4,53.34443697275876,236.33389853141657,0.05908347463285414,23,Sports,0.4015631521397445,0,Mobile,Yes,Active,None,0
REC01018,Carmen Thomas,3202598436.0,Aquarius,Purple,Sports,52.0,8,70.79757021174164,635.7343732234914,0.15893359330587284,47,Niche4,0.3744216580152106,1,Mobile,No,Active,None,0
REC01019,Lucia Taylor,3113763648.0,Sagittarius,Yellow,Travel,1.0,8,30.39238368513798,273.1825922973828,0.06829564807434571,6,Niche4,0.23548045016542168,3,Mobile,No,Active,None,0
REC01020,David Brown,3446732637.0,Aquarius,Pink,Travel,,9,87.18617735682838,650.5905591275283,0.16264763978188207,77,Niche9,0.32828386021536293,0,Mobile,Yes,Pending,None,0
REC01021,Richard Smith,3775459298.0,Aries,Blue,Music,17.0,7,77.70661489717533,475.03199333244834,0.11875799833311208,37,,0.3184126509638593,0,Mobile,No,Active,None,0
REC01022,John Gonzalez,3091279349.0,Pisces,White,Gardening,37.0,11,,294.1509949273431,0.07353774873183577,7,Niche16,0.39438147287107855,1,Mobile,No,Active,None,0
REC01023,Maria Hernandez,3892483461.0,Scorpio,Purple,Hiking,21.0,9,27.29010547537348,223.11097962903858,0.055777744907259647,95,Niche23,0.3030369255153686,0,Desktop,No,Active,Other,1
REC01024,Robert Rodriguez,3301105597.0,Cancer,Purple,Cooking,63.0,10,32.78253598253903,345.0720020887581,0.08626800052218953,70,,0.11144515226469398,3,Desktop,Yes,Active,Price,1
REC01025,Paula Wilson,3746610186.0,Sagittarius,Pink,Music,21.0,7,19.756018786842873,148.1556478529549,0.037038911963238726,33,Books,0.22257559770750662,2,Mobile,No,Active,None,0
REC01026,Charles Johnson,3722640370.0,Capricorn,Orange,Gaming,42.0,5,,112.6553380139399,0.028163834503484975,20,Niche24,0.13980612935711353,0,Desktop,Yes,Active,None,0
REC01027,Elena Thomas,3964631546.0,Virgo,Yellow,Dancing,17.0,4,23.792326739096918,107.8323057717738,0.02695807644294345,63,Niche24,0.12597830072969807,0,Tablet,No,Active,None,0
REC01028,William Moore,3604042550.0,Cancer,Purple,Reading,42.0,8,52.512551313339586,360.5560664803356,0.09013901662008389,14,Home,0.5357298141745935,1,Mobile,Yes,Active,None,0
REC01029,Richard Torres,3638272334.0,Scorpio,Green,Cooking,,13,59.99344459440911,646.1740179653109,0.16154350449132773,13,Niche22,0.09971098152915621,1,Mobile,No,Active,None,0
REC01030,Carmen Lopez,3397657991.0,Aquarius,Purple,Travel,57.0,4,126.32282029322764,535.4844795724073,0.13387111989310183,11,Niche13,,0,,No,Active,None,0
REC01031,Marta Wilson,3502111203.0,Leo,Gray,Photography,40.0,7,72.08759890250175,412.2710167669421,0.10306775419173553,43,Fashion,0.22430806207445642,1,,Yes,Active,None,0
REC01032,Thomas Anderson,3618325733.0,Aquarius,Purple,Reading,43.0,7,44.5373824740019,303.5191553521143,0.07587978883802858,4,Niche8,0.11770775093095107,3,,No,Active,None,0
REC01033,Carmen Johnson,3322581049.0,Aquarius,Yellow,Sports,54.0,6,36.316155463828395,211.5874014368899,0.05289685035922247,1,,0.3241459428299336,0,Desktop,Yes,Active,None,0
REC01034,Lucia Rodriguez,3398379035.0,Aries,Black,Gaming,50.0,10,87.02413707731831,791.4430843674626,0.19786077109186564,9,Niche0,0.13812066267185605,0,Mobile,Yes,Active,None,0
REC01035,Isabel Davis,3148351856.0,Aquarius,White,Gardening,43.0,11,24.31662992198981,246.3724304103402,0.06159310760258505,72,Niche6,0.401020237251903,1,,Yes,Active,None,0
REC01036,Elena Taylor,3208707579.0,Sagittarius,Pink,Travel,39.0,13,45.51561729844685,680.0539841068007,0.17001349602670018,15,Niche21,0.11163200830363702,1,Desktop,No,Active,None,0
REC01037,Isabel Lopez,3632238640.0,Aries,Purple,Travel,29.0,9,24.15049749863878,187.74158672431494,0.04693539668107873,9,Niche15,,0,Mobile,No,Active,None,0
REC01038,William Rodriguez,3323905088.0,Capricorn,Black,Sports,44.0,12,59.47340732015648,834.8114459482998,0.20870286148707495,1,Niche15,0.3626150953610517,2,Desktop,Yes,Active,None,0
REC01039,Ana Sanchez,3096712331.0,Cancer,Black,Cooking,58.0,9,87.23469881639812,782.8664458845527,0.19571661147113817,27,,0.1504168333576068,0,Tablet,No,Active,None,0
REC01040,Michael Martinez,3439768436.0,Aquarius,Black,Reading,71.0,5,20.579121773415896,122.15294836796754,0.030538237091991886,19,,0.5647049773272943,0,Desktop,Yes,Active,None,0
REC01041,Paula Davis,3739826133.0,Aries,Red,Travel,,10,115.76886589252028,940.3739428299513,0.2350934857074878,39,,0.09466272918215504,1,,No,Active,None,0
REC01042,Sofia Miller,3082348954.0,Capricorn,Purple,Travel,4.0,10,,233.66301995327774,0.058415754988319434,13,Niche7,0.32298171417491706,3,Mobile,Yes,Active,None,0
REC01043,Maria Perez,3084093121.0,Cancer,Blue,Sports,70.0,8,,222.46159213163895,0.05561539803290974,33,Niche16,0.37170804223543485,0,Desktop,No,Active,None,0
REC01044,Michael Davis,3116566119.0,Aries,Yellow,Photography,71.0,9,48.5447624496198,352.8829837044042,0.08822074592610105,4,Sports,0.118858565026389,1,Mobile,No,Pending,None,0
REC01045,Robert Davis,3719152274.0,Taurus,Pink,Gaming,63.0,9,25.66205670687778,250.60772593501156,0.06265193148375289,30,Garden,0.18922997694245303,3,Desktop,No,Active,None,0
REC01046,Thomas Perez,3406806844.0,Aries,Red,Hiking,63.0,7,124.06726522134679,931.4104180728255,0.23285260451820636,7,Niche6,0.48610451880680555,3,Desktop,Yes,Active,None,0
REC01047,Thomas Lopez,3552265282.0,Capricorn,Red,Travel,51.0,9,20.146071598588872,212.12369881355932,0.053030924703389826,42,Books,0.18236233776570882,2,,Yes,Active,None,0
REC01048,John Gonzalez,3432796927.0,Cancer,Orange,Gaming,12.0,10,30.104940009664407,314.60455144583835,0.0786511378614596,25,Books,0.10829782702475271,1,,Yes,Active,None,0
REC01049,Charles Davis,3203249836.0,Gemini,Black,Hiking,36.0,9,29.294271960045364,236.12207927952124,0.05903051981988031,14,Sports,0.633109158351324,1,Mobile,Yes,Active,None,0
REC01050,Paula Perez,3342288137.0,Pisces,Red,Gardening,,7,71.19158843441771,486.4464627300753,0.12161161568251883,3,Home,,0,Mobile,No,Active,None,0
REC01051,Marta Smith,3809003992.0,Aquarius,Blue,Music,33.0,11,,338.8743324882422,0.08471858312206056,7,Niche20,0.4373245611762321,2,Mobile,Yes,Active,None,0
REC01052,Lucia Rodriguez,3122838333.0,Taurus,Red,Dancing,29.0,10,67.70994529748957,621.0241314662507,0.15525603286656267,4,Niche8,0.3245637254134827,4,Mobile,No,Active,None,0
REC01053,Paula Davis,3316008510.0,Capricorn,Purple,Music,70.0,9,48.6255175810137,372.4747162725179,0.09311867906812948,11,,0.6354124308028472,2,Mobile,No,Active,None,0
REC01054,Thomas Moore,3643428008.0,Sagittarius,Black,Gardening,43.0,6,43.38826695647741,225.2612014632089,0.05631530036580222,6,Niche19,0.42529019778910415,1,Mobile,No,Active,None,0
REC01055,Isabel Torres,3443485448.0,Scorpio,Black,Gaming,17.0,3,22.12094809574506,79.26076181864882,0.019815190454662204,12,,0.4067477845510079,0,Mobile,No,Active,None,0
REC01056,Isabel Lopez,3855678809.0,Taurus,White,Hiking,38.0,11,32.77095698550344,402.5039543706263,0.10062598859265656,71,Niche5,0.13503556191250884,3,Mobile,No,Active,Service,1
REC01057,John Gonzalez,3664951220.0,Leo,Purple,Gaming,40.0,13,31.36876582972032,429.3934055772529,0.10734835139431323,1,Niche13,0.32046317055953094,1,Mobile,No,Active,None,0
REC01058,Thomas Miller,3993174435.0,Leo,Red,Gardening,44.0,12,23.63352598005151,271.1501016143952,0.06778752540359881,3,,0.526823105326715,1,Mobile,No,Active,None,0
REC01059,William Brown,3189134457.0,Gemini,Pink,Gaming,28.0,9,33.18692948985265,309.35141749780604,0.07733785437445151,18,Fashion,0.16768535366761078,3,Tablet,No,Active,None,0
REC01060,Marta Moore,3253635431.0,Gemini,Green,Sports,70.0,11,69.60178430458345,644.0234756773694,0.16100586891934235,33,Home,0.16823234256829434,0,Mobile,No,Active,None,0
REC01061,Richard Lopez,3912223116.0,Scorpio,Pink,Travel,6.0,19,,705.1531453896243,0.1762882863474061,8,Niche1,0.12540239332359837,3,Desktop,Yes,Active,None,0
REC01062,Laura Davis,3655911760.0,Leo,White,Reading,24.0,7,60.31481739371971,414.4304400205725,0.10360761000514312,39,Automotive,0.3003986566418085,4,Desktop,Yes,Active,Price,1
REC01063,Marta Davis,3780726016.0,Libra,White,Sports,7.0,5,35.69982585498258,150.38360260682896,0.03759590065170724,6,Niche18,0.32277983407848954,0,,No,Active,None,0
REC01064,Joseph Gonzalez,3833941630.0,Capricorn,Pink,Gaming,,11,36.48440756334904,479.6713912084061,0.11991784780210152,66,Niche17,,3,Mobile,No,Active,None,0
REC01065,Sofia Johnson,3872435846.0,Cancer,Orange,Gardening,3.0,8,69.40401799153206,659.1004414380897,0.16477511035952241,20,Beauty,0.2193804262307594,1,Mobile,Yes,Active,None,0
REC01066,Paula Wilson,3788069512.0,Gemini,Red,Reading,56.0,15,42.91518117400214,573.7903676872442,0.14344759192181103,6,Grocery,0.2928690762354317,2,Desktop,Yes,Active,None,0
REC01067,Paula Gonzalez,3421949087.0,Capricorn,Yellow,Photography,1.0,8,19.219872698290402,154.46321073168772,0.03861580268292193,19,,,1,Tablet,No,Active,None,0
REC01068,David Lopez,3654150369.0,Leo,Red,Hiking,9.0,7,42.24794418055471,243.4623670973346,0.06086559177433365,66,Niche15,,5,Mobile,Yes,Active,None,0
REC01069,William Smith,3058788668.0,Capricorn,White,Sports,68.0,8,34.12833730119379,220.97111896210947,0.05524277974052737,45,Electronics,0.20153046131023294,2,Tablet,No,Active,None,0
REC01070,Charles Taylor,3307378019.0,Libra,Gray,Cooking,44.0,6,48.22126242464383,297.5190874614923,0.07437977186537308,19,Niche14,0.1640703219212399,4,Desktop,Yes,Active,None,0
REC01071,Laura Anderson,3976941551.0,Taurus,Pink,Photography,60.0,9,76.94067573303774,618.2225492275363,0.15455563730688407,4,Electronics,0.42893786968284964,3,Mobile,No,Active,None,0
REC01072,David Torres,3896287841.0,Libra,Purple,Gardening,15.0,11,63.41409105616306,561.2928716796727,0.14032321791991817,71,Home,0.2721168616408583,0,,No,Active,Price,1
REC01073,Marta Lopez,3246871964.0,Leo,Red,Gaming,14.0,9,31.077866601166246,241.900204338543,0.06047505108463575,52,Niche4,0.39997779736768985,2,Tablet,Yes,Active,None,0
REC01074,Sofia Moore,3766162636.0,Sagittarius,Orange,Photography,24.0,12,31.678621964007654,395.9354475370841,0.09898386188427102,0,Niche13,0.333173775252678,1,Desktop,Yes,Active,None,0
REC01075,Laura Miller,3095141865.0,Libra,Orange,Reading,40.0,11,42.474337250787876,510.73150736082647,0.12768287684020663,1,Niche5,0.1594460440032395,0,Mobile,No,Active,None,0
REC01076,Isabel Moore,3307791920.0,Capricorn,Black,Travel,58.0,8,70.47804795932139,552.4089116141356,0.1381022279035339,15,Sports,,2,,No,Active,None,0
REC01077,John Martinez,3985567728.0,Gemini,Red,Hiking,62.0,6,18.69016953701438,121.02345363913437,0.030255863409783593,21,Fashion,0.1828308828676258,1,Desktop,No,Active,None,0
REC01078,William Hernandez,3533792088.0,Sagittarius,Pink,Cooking,36.0,9,37.18516950286875,312.15309569565375,0.07803827392391344,20,Niche5,0.22526975215263048,2,Mobile,No,Active,None,0
REC01079,Elena Martinez,3869635983.0,Libra,Pink,Music,50.0,12,46.83515678936175,505.8205767981905,0.12645514419954762,23,Niche7,0.18046588297181942,2,Mobile,Yes,Active,None,0
REC01080,William Ramirez,3472825560.0,Scorpio,Red,Cooking,16.0,11,80.86723890663565,819.2415979499667,0.2048103994874917,28,Grocery,0.20104209201170095,3,Desktop,No,Active,None,0
REC01081,Isabel Sanchez,3897511787.0,Aries,Purple,Sports,46.0,11,,679.4353976588096,0.16985884941470242,69,Niche10,0.2635435398372866,2,Desktop,Yes,Active,None,0
REC01082,John Martinez,3354988206.0,Aries,Yellow,Gardening,26.0,9,69.82577242688143,512.3152395096772,0.1280788098774193,12,Niche19,0.4423181470185379,1,,No,Active,None,0
REC01083,Ana Garcia,3969952805.0,Virgo,Black,Dancing,20.0,10,14.59061963911133,170.41373088227533,0.04260343272056883,0,Niche8,0.3526201520451453,3,,No,Active,None,0
REC01084,Lucia Rodriguez,3525098932.0,Taurus,Gray,Gaming,51.0,8,80.94474752933695,662.0094026979957,0.16550235067449892,20,Niche12,0.6096368377776011,2,Mobile,No,Active,None,0
REC01085,Marta Hernandez,3992841365.0,Libra,Gray,Hiking,10.0,5,66.00200583065775,310.53638471477734,0.07763409617869434,21,Sports,0.08197912178086911,0,Mobile,No,Active,None,0
REC01086,Sofia Moore,3907637192.0,Taurus,Yellow,Music,9.0,7,61.57459494348636,421.67494370715167,0.10541873592678792,6,Niche10,0.04417718200652937,0,,No,Active,None,0
REC01087,James Gonzalez,3338389640.0,Taurus,Red,Gardening,26.0,7,54.018813382933494,356.3852493303159,0.08909631233257898,18,Niche21,0.124651034330441,1,Desktop,Yes,Active,None,0
REC01088,Ana Sanchez,3205898682.0,Aries,Black,Travel,61.0,8,55.291429601327074,5000000.0,0.12156468312094304,56,Niche8,0.57898653856498,1,Mobile,Yes,Active,None,0
REC01089,Maria Torres,3705661179.0,Libra,Pink,Music,25.0,5,54.462161573534736,288.342636872542,0.0720856592181355,24,Niche24,,2,Mobile,No,Active,None,0
REC01090,Elena Perez,3308274163.0,Sagittarius,Orange,Gaming,29.0,8,,519.8423126110678,0.12996057815276693,33,Niche9,,3,Mobile,No,Active,None,0
REC01091,William Moore,3926381525.0,Virgo,Blue,Reading,30.0,5,38.67072560380496,198.5498701330018,0.04963746753325045,26,Niche0,0.4215520889979606,2,Mobile,No,Active,None,0
REC01092,Michael Wilson,3349172299.0,Leo,White,Dancing,5.0,8,75.64256344316038,525.5357836265152,0.1313839459066288,9,Grocery,0.394490836791238,2,Mobile,No,Active,None,0
REC01093,Joseph Perez,3208119047.0,Pisces,Gray,Reading,67.0,13,45.8772154061029,636.1278360643803,0.15903195901609507,4,Niche16,0.33984258901891207,0,,No,Active,None,0
REC01094,Marta Miller,3195842090.0,Cancer,White,Reading,39.0,12,35.192855882089596,350.8932074327213,0.08772330185818032,12,,0.23552605170206206,1,Mobile,No,Active,None,0
REC01095,William Hernandez,3174056339.0,Aquarius,Orange,Gardening,42.0,12,46.51987100554075,509.38131257570785,0.12734532814392696,29,Niche4,0.17601586918305745,1,Mobile,No,Active,None,0
REC01096,Ana Miller,3988676131.0,Scorpio,Green,Music,71.0,14,34.88531176352997,431.61504336554634,0.10790376084138659,13,Niche2,0.05174344260095747,0,,No,Active,None,0
REC01097,Robert Davis,3863714106.0,Libra,Red,Hiking,9.0,3,52.70673233991459,145.44601746038134,0.03636150436509534,15,,0.5313604218668091,2,Tablet,No,Active,None,0
REC01098,William Wilson,3468818986.0,Libra,Orange,Travel,4.0,10,55.479326981529866,506.2218842087815,0.12655547105219536,31,,0.3853319310427743,2,Mobile,No,Active,None,0
REC01099,Charles Torres,3427924491.0,Taurus,White,Travel,46.0,14,31.174085064472244,474.9254826267336,0.11873137065668339,26,Toys,0.1603271074437695,1,Mobile,No,Active,None,0
REC01100,Paula Miller,3004159506.0,Virgo,Purple,Music,9.0,9,,515.385132330266,0.1288462830825665,45,Garden,0.13907318999067872,2,Desktop,No,Active,None,0
REC01101,James Garcia,3559230081.0,Cancer,Purple,Gaming,67.0,12,15.266153696486816,150.88626916226875,0.037721567290567186,43,Garden,0.29784727156027846,2,Mobile,Yes,Active,None,0
REC01102,Isabel Wilson,3633246226.0,Taurus,White,Music,9.0,7,69.1765729671417,521.1728060812171,0.13029320152030427,4,Niche6,0.24674172562065053,4,Mobile,Yes,Active,None,0
REC01103,Carmen Johnson,3357831670.0,Sagittarius,Green,Photography,34.0,10,,531.300428209274,0.13282510705231848,14,Niche3,0.21033097224973443,0,Desktop,No,Active,None,0
REC01104,William Sanchez,3340509388.0,Capricorn,Pink,Travel,6.0,12,36.931898370119825,438.0636399629142,0.10951590999072855,9,Niche11,,1,Mobile,No,Pending,None,0
REC01105,Joseph Garcia,3736634553.0,Gemini,Black,Gaming,41.0,10,26.141140335880323,272.4113937096149,0.06810284842740373,89,,0.19517651348606585,1,Tablet,No,Active,None,0
REC01106,James Wilson,3569728776.0,Taurus,Orange,Reading,1.0,11,40.82777538049414,475.0335196492958,0.11875837991232395,12,,0.14500100451029177,0,Mobile,No,Active,None,0
REC01107,Carmen Ramirez,3394093158.0,Leo,Orange,Hiking,24.0,12,33.72765396674814,-1000.0,0.10809936515909496,21,Electronics,0.19805422852831434,1,Mobile,No,Active,None,0
REC01108,Ana Lopez,3040622595.0,Cancer,Pink,Gaming,62.0,11,56.08472410020947,696.4855333864022,0.17412138334660054,19,Grocery,0.202902874360144,2,Desktop,Yes,Active,None,0
REC01109,Sofia Ramirez,3444546880.0,Scorpio,Gray,Cooking,70.0,11,132.11495817083596,1514.0827967877603,0.3785206991969401,31,Niche21,0.21863691264489657,2,Desktop,Yes,Active,None,0
REC01110,Charles Miller,3338754286.0,Capricorn,Purple,Travel,,8,55.744932428246926,499.17861444288627,0.12479465361072156,3,Niche3,0.39922935106603835,0,Tablet,No,Active,None,0
REC01111,Elena Sanchez,3011044076.0,Taurus,Black,Travel,,9,46.14204334854666,362.50093995783277,0.0906252349894582,80,Niche11,0.2517691493468415,1,,Yes,Active,Competitor,1
REC01112,John Smith,3851997600.0,Aquarius,Purple,Hiking,50.0,11,77.82058990506809,960.057035867551,0.24001425896688774,2,Niche23,0.25120113426288454,2,Tablet,No,Active,None,0
REC01113,Sofia Sanchez,3013881705.0,Virgo,Red,Gardening,39.0,10,47.587756830629736,520.8578908213887,0.13021447270534717,25,Beauty,0.20987605675823418,1,Mobile,No,Active,None,0
REC01114,William Perez,3723768277.0,Aquarius,White,Reading,68.0,14,37.67360557385703,541.2548737354128,0.1353137184338532,133,Niche5,,1,Mobile,Yes,Active,None,0
REC01115,Ana Garcia,3177814956.0,Scorpio,Pink,Cooking,27.0,9,24.518637587395805,257.9377844552907,0.06448444611382267,73,Niche1,0.17241684528444895,1,Mobile,No,Active,None,0
REC01116,Maria Garcia,3339879505.0,Libra,White,Dancing,60.0,6,25.0900227255835,176.96935119322143,0.04424233779830536,6,Niche17,0.28486522886425775,3,Mobile,Yes,Active,None,0
REC01117,Isabel Davis,3466252819.0,Capricorn,Gray,Music,34.0,8,38.40806297924619,295.0126057340274,0.07375315143350684,14,Niche3,0.2720901689351568,0,,Yes,Active,None,0
REC01118,Marta Wilson,3117344155.0,Aquarius,Green,Hiking,56.0,8,25.577150910007106,219.28023267156286,0.05482005816789071,17,Niche20,,0,Mobile,Yes,Active,None,0
REC01119,John Miller,3845015353.0,Aries,Orange,Music,24.0,9,60.62741467451883,553.3418645077749,0.13833546612694372,5,Niche7,0.5330756893994034,1,Desktop,No,Active,None,0
REC01120,Michael Anderson,3061531462.0,Scorpio,Pink,Gardening,62.0,8,46.67410321103689,326.6120969005867,0.08165302422514668,37,Niche6,0.24968462526827528,1,Mobile,No,Active,None,0
REC01121,Lucia Torres,3487716770.0,Capricorn,Gray,Dancing,69.0,9,31.883863682923987,288.7444682411603,0.07218611706029007,17,Niche22,0.6220047912546516,1,Desktop,Yes,Active,None,0
REC01122,Thomas Davis,3034207686.0,Aquarius,Purple,Gardening,15.0,8,85.03238583907175,553.9615755511107,0.13849039388777767,8,Niche5,0.4611087997589587,1,Mobile,Yes,Active,None,0
REC01123,Lucia Johnson,3749646957.0,Libra,Pink,Travel,21.0,10,53.42691983982663,462.2357825346148,0.11555894563365371,61,Niche5,0.12278290172232517,1,,No,Active,None,0
REC01124,William Wilson,3749077455.0,Cancer,Red,Travel,38.0,8,,439.15913806867155,0.1097897845171679,6,Home,0.044016855169656255,2,Mobile,Yes,Active,None,0
REC01125,James Ramirez,3788153397.0,Aquarius,Blue,Dancing,5.0,6,58.57155917680612,419.47828533778284,0.10486957133444572,6,,0.140579080765508,0,Mobile,Yes,Active,None,0
REC01126,James Gonzalez,3718719831.0,Cancer,Purple,Sports,40.0,9,34.28065302790543,339.80475973213447,0.08495118993303362,70,Niche10,,4,Mobile,No,Active,None,0
REC01127,Isabel Davis,3137618902.0,Scorpio,Green,Travel,2.0,5,41.54708233867705,174.80814178428992,0.04370203544607248,8,Niche14,0.1981308798745378,1,Mobile,No,Active,None,0
REC01128,Isabel Wilson,3030821454.0,Cancer,Yellow,Reading,22.0,6,110.37071287038624,605.0739846074107,0.15126849615185267,36,Niche5,0.6440573819970375,1,Mobile,Yes,Active,None,0
REC01129,David Smith,3334029095.0,Leo,Pink,Gardening,29.0,10,20.26139237682798,197.41770912349574,0.049354427280873935,13,Niche13,0.3026287923494497,0,Mobile,No,Active,None,0
REC01130,Maria Thomas,3750686806.0,Sagittarius,Orange,Hiking,29.0,13,66.43694583131229,958.5046373371698,0.23962615933429246,30,Niche6,0.10552683833792725,0,Desktop,No,Active,None,0
REC01131,Michael Moore,3548775296.0,Scorpio,Pink,Music,26.0,7,29.431109149555635,183.03947187918166,0.04575986796979541,218,Automotive,,1,Desktop,Yes,Active,None,0
REC01132,Paula Torres,3192716769.0,Virgo,Pink,Photography,29.0,10,49.379284218437235,496.1604319772078,0.12404010799430194,34,Niche6,,3,Mobile,No,Active,None,0
REC01133,Lucia Thomas,3160213415.0,Pisces,Pink,Travel,69.0,7,62.13110179665917,429.259101697283,0.10731477542432075,16,Niche4,0.2173936302080913,0,Mobile,No,Active,None,0
REC01134,Laura Smith,3242335724.0,Libra,Blue,Gardening,31.0,11,42.860536792961135,480.89343155178346,0.12022335788794587,28,Niche13,,1,Desktop,Yes,Active,None,0
REC01135,Isabel Rodriguez,3189961747.0,Aries,Yellow,Sports,60.0,5,56.312983864994735,326.55499289156023,0.08163874822289006,16,Niche11,0.34875299499651197,1,,Yes,Active,None,0
REC01136,Paula Ramirez,3478742815.0,Sagittarius,White,Hiking,27.0,5,13.723985025327353,66.63660434641969,0.01665915108660492,37,Home,0.3296628027023668,3,Mobile,Yes,Active,None,0
REC01137,Robert Miller,3273506613.0,Capricorn,White,Gardening,52.0,10,,549.7603851878213,0.1374400962969553,0,Niche21,0.09421914166681628,1,Mobile,No,Active,None,0
REC01138,Lucia Martinez,3309774128.0,Aquarius,Red,Gaming,2.0,11,61.96802238319759,664.2541538071076,0.1660635384517769,12,Beauty,0.45378841075924503,0,,No,Pending,None,0
REC01139,Isabel Wilson,3158050761.0,Libra,Orange,Cooking,,13,24.62681193280442,312.8409947292415,0.07821024868231038,5000,,0.3869071597824314,0,Tablet,Yes,Active,None,0
REC01140,James Moore,3388229851.0,Gemini,Purple,Travel,54.0,8,36.32870706013225,242.52740922889376,0.06063185230722344,8,Niche24,0.21540090432983186,0,Desktop,No,Active,None,0
REC01141,Sofia Torres,3927788863.0,Aquarius,Red,Cooking,63.0,7,60.85400560404434,422.5635416800381,0.10564088542000953,46,Niche3,0.056923157738273444,2,Mobile,No,Active,None,0
REC01142,Thomas Anderson,3186296983.0,Taurus,Yellow,Travel,10.0,10,47.1152736001273,523.3285146551153,0.13083212866377883,3,Niche24,0.0735236157684725,0,Desktop,No,Active,None,0
REC01143,Ana Ramirez,3816148980.0,Taurus,Black,Music,58.0,5,79.8953152496753,359.33972917376786,0.08983493229344197,15,Niche23,0.05422086318942548,3,Desktop,No,Active,None,0
REC01144,Charles Taylor,3596902724.0,Pisces,Blue,Dancing,7.0,8,30.4177974905216,257.0631458453238,0.06426578646133095,205,Niche3,0.06373343694885471,2,Desktop,No,Active,None,0
REC01145,Laura Johnson,3730470659.0,Cancer,Orange,Music,8.0,9,50.648083527725646,475.5251288423101,0.11888128221057752,41,Niche14,0.2585845268209084,1,Mobile,No,Active,Competitor,1
REC01146,Michael Taylor,3763837052.0,Aquarius,Black,Hiking,41.0,10,38.49672280047695,388.4601995409667,0.09711504988524168,14,Home,0.514711932358192,0,Mobile,No,Active,None,0
REC01147,Paula Thomas,3544238075.0,Taurus,Yellow,Reading,63.0,8,72.85638310491713,616.3179592475792,0.15407948981189482,8,Niche14,0.4557450006915336,1,Tablet,Yes,Active,None,0
REC01148,William Taylor,3222723343.0,Aries,Purple,Gaming,,7,35.879120630484095,265.64688131485667,0.06641172032871417,22,Toys,0.18698835326939944,2,Mobile,No,Active,None,0
REC01149,Michael Miller,3545574157.0,Aquarius,Green,Sports,12.0,9,40.768474070097064,313.8897249729866,0.07847243124324664,39,Home,0.31857569830145027,1,Tablet,No,Active,None,0
REC01150,William Perez,3665422615.0,Cancer,Blue,Gardening,57.0,12,58.43987679799166,820.3934700494065,0.2050983675123516,15,Niche8,0.149072262300514,0,Tablet,Yes,Active,None,0
REC01151,Maria Garcia,3686832529.0,Scorpio,Purple,Reading,52.0,7,23.551972060010353,165.53333881922683,0.04138333470480671,8,Niche12,0.22232574843415756,0,Mobile,Yes,Active,None,0
REC01152,Robert Anderson,3337230311.0,Pisces,Purple,Cooking,62.0,6,,550.7093574679507,0.13767733936698767,35,Niche5,0.14708473593626425,0,,No,Active,None,0
REC01153,Carmen Anderson,3963551699.0,Taurus,Black,Dancing,33.0,11,18.047359593349523,186.29794590631738,0.046574486476579344,47,Niche3,,3,Desktop,No,Active,None,0
REC01154,Elena Wilson,3424680226.0,Leo,Green,Dancing,36.0,8,26.40030933880836,195.17217434993572,0.04879304358748393,7,Niche12,0.2504603128565052,2,Mobile,Yes,Active,None,0
REC01155,Ana Davis,3149461425.0,Taurus,White,Dancing,23.0,3,39.33172920244144,139.37152307665582,0.034842880769163954,6,Books,0.06462018778686117,1,Mobile,No,Active,None,0
REC01156,Michael Lopez,3805196318.0,Sagittarius,Purple,Hiking,4.0,5,16.29257983898698,79.07149115757488,0.01976787278939372,10,Niche12,0.10041879535024505,2,Mobile,No,Active,None,0
REC01157,Robert Garcia,3672128791.0,Leo,Pink,Reading,33.0,10,25.547705018119995,287.8971659296569,0.07197429148241423,1,Niche24,0.15606582701148225,1,Mobile,No,Active,None,0
REC01158,Sofia Moore,3483943892.0,Leo,Red,Travel,57.0,8,67.41682736135515,504.7456203743927,0.12618640509359816,76,Niche13,0.22670305736506963,2,,Yes,Active,None,0
REC01159,James Garcia,3953169695.0,Cancer,Orange,Sports,51.0,9,30.567673105327763,325.7135547010241,0.08142838867525604,35,,0.34524987927756956,1,,Yes,Active,None,0
REC01160,Marta Perez,3598144558.0,Gemini,White,Cooking,59.0,15,27.38714812832532,440.9995463823967,0.11024988659559917,1,Niche17,0.6078669043139187,2,Tablet,No,Active,None,0
REC01161,Charles Anderson,3229932690.0,Libra,Black,Reading,44.0,7,45.146293843832105,278.1468948014879,0.06953672370037198,74,,0.1901563540932592,2,Desktop,Yes,Active,None,0
REC01162,Laura Anderson,3498204844.0,Aries,Yellow,Hiking,,9,,537.1788096128656,0.1342947024032164,17,,0.5181286366114611,0,Mobile,No,Active,None,0
REC01163,Charles Davis,3357719069.0,Cancer,Black,Cooking,25.0,14,33.07400439510591,432.686283226238,0.1081715708065595,7,Fashion,0.26066398183864997,1,,No,Active,None,0
REC01164,David Taylor,3784618447.0,Leo,Red,Music,13.0,8,55.28944893143748,379.5232673075815,0.09488081682689536,65,Niche12,0.2790119302412864,1,,No,Active,Service,1
REC01165,William Thomas,3401832032.0,Libra,Orange,Music,,7,72.0127674399554,416.17305423418213,0.10404326355854553,47,Books,0.12566975448696885,4,,No,Active,None,0
REC01166,Maria Garcia,3797248187.0,Aries,Red,Cooking,29.0,11,30.64733912986634,305.67148632149895,0.07641787158037473,10,Niche21,0.35868838890341403,1,Mobile,No,Active,None,0
REC01167,Marta Thomas,3418373327.0,Virgo,Green,Gardening,,16,77.44283072783172,1466.8446452077173,0.3667111613019293,31,Niche9,,1,Desktop,Yes,Active,None,0
REC01168,Lucia Davis,3938047638.0,Cancer,Pink,Reading,12.0,6,71.121856072703,451.82129302193147,0.11295532325548287,6,Electronics,0.2659565570547486,0,Tablet,Yes,Active,None,0
REC01169,Laura Davis,3327479066.0,Sagittarius,Black,Reading,1.0,10,87.97830695109417,1052.552004834772,0.263138001208693,91,Niche10,0.21889583121466097,1,Desktop,Yes,Active,None,0
REC01170,Carmen Lopez,3141610296.0,Libra,Red,Travel,42.0,6,38.90678885272857,193.71956759063835,0.04842989189765959,4,Beauty,,2,,No,Active,None,0
REC01171,Lucia Taylor,3488740210.0,Aries,Red,Photography,33.0,16,64.80209069431729,1102.0817129925344,0.2755204282481336,9,Niche3,0.03339497153531861,2,Mobile,No,Active,None,0
REC01172,Thomas Martinez,3713331850.0,Libra,Purple,Music,38.0,10,94.24901602376217,937.4454195258788,0.2343613548814697,48,Niche12,0.30139129979249346,1,Desktop,No,Pending,None,0
REC01173,Richard Garcia,3841101761.0,Taurus,Yellow,Reading,32.0,10,,454.31324418932695,0.11357831104733174,56,Fashion,0.5244959556312019,1,Tablet,No,Active,None,0
REC01174,Marta Brown,3524306590.0,Pisces,Blue,Photography,62.0,10,101.77961103919384,837.4728944798037,0.20936822361995092,31,Garden,0.06983212300981444,0,,No,Active,None,0
REC01175,Sofia Davis,3868645426.0,Libra,Pink,Sports,7.0,12,47.67784641144723,585.9364136661742,0.14648410341654355,2,Niche1,0.3114949094386382,0,Mobile,Yes,Pending,None,0
REC01176,Carmen Hernandez,3188932916.0,Libra,Orange,Travel,25.0,10,42.31851333553825,357.0363744050329,0.08925909360125824,14,,0.2480847546700512,1,Mobile,No,Active,None,0
REC01177,Charles Moore,3707346161.0,Aries,Gray,Music,70.0,16,23.420618860193954,430.25350282784024,0.10756337570696006,10,Fashion,0.45086256537252695,0,Mobile,No,Active,None,0
REC01178,Paula Davis,3279538518.0,Scorpio,Gray,Hiking,1.0,9,62.92847788587574,665.2174822235381,0.16630437055588454,-10,,0.1880140446502324,0,Mobile,No,Active,None,0
REC01179,Elena Brown,3662726865.0,Taurus,Pink,Photography,49.0,11,113.02411537037214,1205.0790409280303,0.3012697602320076,7,Niche7,0.2873523566485578,1,Tablet,No,Active,None,0
REC01180,Marta Gonzalez,3394245799.0,Virgo,Black,Gaming,44.0,8,22.33625082762181,190.90970743177303,0.047727426857943255,25,Niche1,0.23999355922712556,1,Mobile,Yes,Active,None,0
REC01181,Michael Smith,3058824720.0,Gemini,Gray,Travel,69.0,11,,671.3535921780948,0.1678383980445237,3,Niche18,0.22779176410762123,1,Desktop,Yes,Active,None,0
REC01182,Marta Smith,3552749157.0,Taurus,Red,Travel,37.0,9,69.37494248729416,578.4702264177037,0.1446175566044259,38,Niche0,0.20255628442254087,1,Mobile,No,Active,Other,1
REC01183,Richard Wilson,3586779064.0,Sagittarius,Yellow,Reading,57.0,9,32.544826848140666,272.05713433085856,0.06801428358271464,9,Home,0.09263113565145166,1,,Yes,Active,None,0
REC01184,Lucia Lopez,3151553740.0,Sagittarius,Yellow,Gardening,53.0,8,42.1861830302316,364.0469685291644,0.0910117421322911,11,Niche5,0.2065966155399738,4,,Yes,Active,None,0
REC01185,Charles Brown,3136762211.0,Taurus,Yellow,Sports,65.0,12,56.842441062149724,752.4213188980126,0.18810532972450314,43,Niche8,0.10547327320170968,3,Mobile,No,Active,None,0
REC01186,David Taylor,3170318416.0,Pisces,Purple,Gardening,14.0,6,20.4212052132572,145.39410651135253,0.036348526627838135,15,Niche24,0.3121172883396125,0,Mobile,Yes,Active,None,0
REC01187,Ana Miller,3381045605.0,Aries,Purple,Gardening,23.0,11,,561.1264280035446,0.14028160700088613,21,Niche20,0.1773461584366338,0,Mobile,No,Active,None,0
REC01188,Michael Martinez,3987460942.0,Sagittarius,Orange,Reading,50.0,4,23.858477570900057,98.70924071493684,0.02467731017873421,17,Grocery,0.19972011721728766,1,Desktop,Yes,Active,None,0
REC01189,Marta Torres,3990368421.0,Cancer,Purple,Dancing,66.0,11,,874.2970900292173,0.21857427250730432,13,,0.21551253148065172,1,Desktop,No,Active,None,0
REC01190,Elena Sanchez,3950180832.0,Pisces,Purple,Gardening,26.0,13,,660.7286717324398,0.16518216793310994,26,Automotive,0.13324534449951347,3,,Yes,Active,None,0
REC01191,Lucia Wilson,3493847248.0,Sagittarius,Pink,Cooking,23.0,7,,275.3658747765848,0.0688414686941462,1,Niche3,,1,Desktop,No,Active,None,0
REC01192,Robert Smith,3811755091.0,Scorpio,Orange,Travel,,13,48.642938780697065,589.227276934027,0.14730681923350675,34,Niche23,0.09151529481793895,2,Desktop,No,Active,None,0
REC01193,Marta Anderson,3166406713.0,Capricorn,Pink,Cooking,31.0,5,11.303464358219268,61.08870577626926,0.015272176444067314,28,Niche23,0.1370546215882806,1,Mobile,Yes,Active,None,0
REC01194,Elena Thomas,3740160879.0,Leo,Orange,Dancing,53.0,6,,391.24149714742265,0.09781037428685566,7,Niche0,0.5622421056867158,0,Mobile,No,Active,None,0
REC01195,Elena Johnson,3328632810.0,Pisces,Blue,Gaming,64.0,9,59.82578978773254,464.5122069884067,0.11612805174710168,7,Niche21,0.00788567149441423,2,,No,Active,None,0
REC01196,James Johnson,3695151874.0,Gemini,Yellow,Music,61.0,12,35.84760573318993,350.5655006123417,0.08764137515308543,6,,0.3915377031532809,0,Desktop,Yes,Active,None,0
REC01197,William Anderson,3053178678.0,Pisces,Yellow,Travel,7.0,7,107.62247593308759,710.8371757796251,0.17770929394490628,31,Niche1,0.22722610512488056,1,Desktop,Yes,Active,None,0
REC01198,Elena Davis,3113022718.0,Sagittarius,Gray,Gardening,63.0,14,54.67980784925802,764.761759196343,0.19119043979908573,21,Niche22,0.4399193803705115,1,Tablet,No,Active,Other,1
REC01199,William Anderson,3340951484.0,Aquarius,Black,Gaming,28.0,8,,416.4932393617654,0.10412330984044135,20,Grocery,0.3761355404791992,1,Mobile,Yes,Active,None,0
REC01200,John Sanchez,3271097163.0,Leo,Purple,Cooking,23.0,9,88.04629508890406,738.3885177219444,0.1845971294304861,60,Niche5,0.11975208870548354,2,Mobile,No,Active,Service,1
REC01201,Maria Wilson,3583614004.0,Leo,Blue,Gaming,54.0,14,75.44562585981963,864.4024612964892,0.21610061532412228,214,Niche24,0.26267112414957655,0,Mobile,Yes,Active,Competitor,1
REC01202,John Smith,3882039364.0,Scorpio,Orange,Photography,19.0,11,37.87873852195939,486.6717357822765,0.12166793394556913,21,Niche8,0.3634970737934737,1,Desktop,No,Active,None,0
REC01203,Richard Ramirez,3658237145.0,Capricorn,Black,Hiking,,8,57.32218579912199,508.62019883539796,0.1271550497088495,25,Niche7,0.15598743212035093,1,Tablet,No,Active,None,0
REC01204,Marta Anderson,3239779903.0,Libra,Gray,Music,68.0,10,85.29200218163189,888.4867596033217,0.22212168990083042,22,Niche14,0.4121534931046524,1,Mobile,No,Active,None,0
REC01205,Joseph Miller,3213273957.0,Cancer,White,Reading,41.0,8,72.60723672044358,481.11047149583,0.12027761787395749,2,Niche0,0.21837468900890597,0,Mobile,No,Active,None,0
REC01206,Lucia Lopez,3134235726.0,Pisces,Gray,Travel,47.0,14,53.97984814714718,739.9824024574317,0.18499560061435794,13,Grocery,0.2352205590377636,0,Mobile,No,Active,None,0
REC01207,Isabel Lopez,3802208881.0,Libra,Black,Hiking,7.0,12,39.19642060272605,498.1562389053939,0.12453905972634847,14,Niche9,0.05450103429517833,1,Tablet,Yes,Active,Service,1
REC01208,Elena Lopez,3085083486.0,Libra,Pink,Sports,23.0,11,,624.3116969123647,0.15607792422809116,1,Niche18,0.1225256686400672,2,Mobile,Yes,Active,None,0
REC01209,Elena Torres,3183169990.0,Libra,Gray,Gardening,39.0,10,34.361433458448275,399.4829488382629,0.09987073720956573,39,Books,,0,Mobile,Yes,Active,None,0
REC01210,Michael Ramirez,3025247622.0,Cancer,Pink,Gardening,4.0,7,43.393264488875474,263.14006295501724,0.06578501573875431,3,,0.4733782466275682,1,Desktop,No,Active,None,0
REC01211,Charles Rodriguez,3548968651.0,Cancer,Pink,Travel,45.0,10,36.86716268702397,333.0186061637916,0.08325465154094791,22,Niche7,,0,Tablet,Yes,Active,None,0
REC01212,Thomas Wilson,3672592434.0,Scorpio,Yellow,Travel,47.0,12,36.864602207662706,438.5853019710151,0.10964632549275377,3,Fashion,0.4352037545568136,0,Desktop,No,Active,None,0
REC01213,Carmen Ramirez,3595170767.0,Scorpio,Pink,Dancing,71.0,11,41.120602079083746,500.6022966727655,0.12515057416819136,19,Niche20,0.25658748195817727,0,Mobile,Yes,Active,None,0
REC01214,Carmen Wilson,3587582967.0,Aquarius,Orange,Music,65.0,9,87.22135727353064,806.9451787229626,0.20173629468074067,0,Garden,0.3139495882561957,1,Desktop,No,Active,Competitor,1
REC01215,Ana Martinez,3126460344.0,Cancer,Yellow,Music,55.0,14,32.41311302508123,452.69203046992334,0.11317300761748084,22,Niche18,0.15363801138089456,0,Desktop,Yes,Active,None,0
REC01216,Lucia Hernandez,3416439769.0,Sagittarius,Blue,Gardening,68.0,6,67.93115422671133,444.4454045469635,0.11111135113674088,20,Niche2,,3,Mobile,Yes,Active,None,0
REC01217,Marta Sanchez,3573384475.0,Aquarius,Gray,Sports,57.0,5,42.34663689655561,205.92501454942922,0.051481253637357303,0,Niche14,,1,Mobile,No,Active,None,0
REC01218,Richard Hernandez,3538276253.0,Libra,Black,Sports,,8,109.82625596058674,1018.5243248798208,0.2546310812199552,1,Niche21,0.3359049583108517,1,Desktop,No,Active,None,0
REC01219,Isabel Wilson,3572865382.0,Capricorn,Black,Reading,49.0,4,103.22061350106571,452.06088609658747,0.11301522152414686,39,Niche12,0.6306830708824981,1,Mobile,Yes,Active,None,0
REC01220,Isabel Thomas,3075813778.0,Gemini,Pink,Travel,69.0,9,39.406511649392094,390.5318471538231,0.09763296178845578,17,Niche19,0.2908242235603054,1,,No,Active,None,0
REC01221,Richard Miller,3549862746.0,Pisces,White,Travel,71.0,11,23.38326699109518,292.4236756608026,0.07310591891520064,5,Automotive,,1,Mobile,Yes,Active,None,0
REC01222,Thomas Hernandez,3626073421.0,Gemini,Black,Travel,,10,29.58388814677988,352.3147410978901,0.08807868527447252,19,Garden,0.20423654040406908,3,Desktop,Yes,Active,None,0
REC01223,Michael Rodriguez,3281519456.0,Aquarius,Red,Gaming,16.0,7,126.4681266777443,882.886006618241,0.22072150165456025,4,Niche23,0.26572851655820506,1,Desktop,Yes,Active,None,0
REC01224,Paula Thomas,3293536254.0,Aquarius,Yellow,Hiking,30.0,7,50.7859511481096,323.24973590309787,0.08081243397577446,20,Niche21,0.41858804306780195,0,Mobile,No,Active,None,0
REC01225,Maria Torres,3400022888.0,Scorpio,Blue,Gardening,,9,129.40131201359526,1213.6757729602687,0.3034189432400672,2,,0.23525107981621537,1,Mobile,Yes,Active,None,0
REC01226,Marta Hernandez,3589281493.0,Capricorn,Pink,Dancing,7.0,12,110.69475729189541,1188.8006951194218,0.29720017377985547,3,Niche16,0.11014726305894319,0,,Yes,Active,None,0
REC01227,Sofia Smith,3895463199.0,Capricorn,Red,Gaming,6.0,10,101.12315264583637,1207.09963533383,0.30177490883345753,13,,0.2109910991182861,4,Desktop,Yes,Active,None,0
REC01228,Ana Ramirez,3744402596.0,Gemini,Orange,Hiking,64.0,8,35.3415157456345,286.4428339886809,0.07161070849717022,41,Beauty,0.3020343197265132,1,Mobile,No,Active,None,0
REC01229,Robert Davis,3404005526.0,Scorpio,Orange,Reading,,7,82.99210546597782,632.6505513072642,0.15816263782681605,14,Niche22,0.1726704381464506,2,Tablet,No,Active,None,0
REC01230,Isabel Lopez,3352137182.0,Aquarius,Purple,Reading,60.0,6,63.202833590311094,433.427907199808,0.10835697679995199,13,Niche3,0.20981480286987542,0,Mobile,Yes,Active,None,0
REC01231,Sofia Sanchez,3292047381.0,Sagittarius,Green,Dancing,41.0,11,91.75228648631604,1122.3459010360834,0.28058647525902086,10,Garden,0.17783958686658297,0,Tablet,No,Active,None,0
REC01232,John Hernandez,3478032074.0,Cancer,Yellow,Reading,62.0,8,29.526620323819067,246.27761991253868,0.06156940497813467,15,Niche6,0.16181262913917646,0,Mobile,No,Active,None,0
REC01233,James Moore,3119600155.0,Aries,Gray,Dancing,13.0,13,46.564563582651225,715.1449120682378,0.17878622801705946,46,Niche7,0.2236699817342048,2,Mobile,No,Active,None,0
REC01234,Joseph Taylor,3474996552.0,Gemini,Black,Sports,5.0,15,71.91672231618513,1041.33890499919,0.2603347262497975,22,Niche10,0.1147556556938702,1,Mobile,No,Active,None,0
REC01235,Robert Torres,3644117497.0,Libra,Green,Music,51.0,9,104.80461598924197,906.4157850546273,0.22660394626365685,23,Niche8,,2,Mobile,Yes,Active,None,0
REC01236,David Johnson,3509289250.0,Leo,Pink,Reading,70.0,4,19.75550719012715,68.40698120973752,0.01710174530243438,1,Beauty,,0,Mobile,No,Active,None,0
REC01237,Paula Davis,3745394839.0,Gemini,Pink,Music,71.0,10,135.71994802157596,1304.8298990620851,0.3262074747655213,14,Toys,0.34720821771171007,0,Mobile,Yes,Active,None,0
REC01238,Carmen Sanchez,3705638074.0,Sagittarius,Blue,Gardening,70.0,9,40.83235074108781,391.52376418680683,0.09788094104670171,28,Grocery,0.19157970998507554,1,Mobile,No,Pending,None,0
REC01239,Charles Anderson,3234680993.0,Virgo,Orange,Hiking,13.0,9,22.063931125378485,219.6001803665435,0.054900045091635874,6,,0.06617067533820184,0,Mobile,No,Active,None,0
REC01240,Maria Lopez,3233266803.0,Scorpio,Blue,Gaming,59.0,5,22.7530594197319,93.62565708165569,0.02340641427041392,4,Niche19,,1,Mobile,Yes,Active,None,0
REC01241,Joseph Moore,3998570225.0,Virgo,Green,Travel,46.0,4,7.306501105775421,32.11657803551999,0.008029144508879997,0,Niche10,0.2620611586158294,2,Desktop,No,Active,None,0
REC01242,Elena Brown,3979583574.0,Cancer,Purple,Dancing,37.0,8,25.846560157881722,219.7140195236346,0.05492850488090865,4,Niche0,0.15848381852346533,0,Desktop,No,Active,None,0
REC01243,Marta Perez,3202267514.0,Aquarius,Purple,Dancing,62.0,11,36.47070327140878,467.69065859453775,0.11692266464863443,3,Niche12,0.1411157948383288,2,Desktop,Yes,Active,None,0
REC01244,Joseph Hernandez,3611427220.0,Scorpio,Purple,Travel,63.0,10,85.56824383670694,938.873104286562,0.2347182760716405,62,,0.06324358781694187,0,Desktop,No,Active,None,0
REC01245,Robert Perez,3031057779.0,Aries,Gray,Cooking,4.0,9,80.54358855984292,862.3022599270759,0.21557556498176897,6,,0.34033662664941394,0,Mobile,Yes,Active,None,0
REC01246,Sofia Davis,3966710917.0,Capricorn,Orange,Dancing,,7,61.30184473241316,508.7134048661229,0.12717835121653073,32,Niche1,0.1116810537493074,1,Mobile,No,Active,None,0
REC01247,Carmen Brown,3451125130.0,Pisces,Gray,Gardening,41.0,12,69.91914146795214,892.4393029679372,0.22310982574198432,36,Niche4,0.29749823763932814,0,Mobile,No,Active,None,0
REC01248,Carmen Miller,3841556827.0,Taurus,Pink,Music,41.0,9,77.42202335008601,640.6095836181585,0.1601523959045396,16,Niche8,0.2971145185889824,0,Mobile,No,Active,None,0
REC01249,Lucia Torres,3670562435.0,Libra,Orange,Sports,31.0,6,82.71052060775077,551.9598439487938,0.13798996098719846,26,Niche15,0.128869941472911,0,Mobile,No,Active,None,0
REC01250,Robert Sanchez,3472696662.0,Libra,Red,Travel,3.0,6,71.3566171827148,372.47859332806064,0.09311964833201516,6,Niche22,0.38599491842323336,0,Mobile,Yes,Active,None,0
REC01251,James Hernandez,3296541452.0,Aries,Purple,Hiking,21.0,9,,220.53931514058883,0.05513482878514721,29,Garden,0.33907613803743347,1,Desktop,Yes,Active,None,0
REC01252,Thomas Smith,3775757753.0,Gemini,Gray,Gardening,21.0,8,49.383454581924546,406.29688973954285,0.10157422243488572,34,Niche15,0.4374028111981923,0,Mobile,No,Active,None,0
REC01253,Michael Gonzalez,3209935641.0,Leo,Blue,Gardening,47.0,14,79.22670319683738,917.0661695710978,0.22926654239277444,8,Niche17,0.11272411793142402,1,Desktop,Yes,Active,None,0
REC01254,Isabel Hernandez,3431005802.0,Capricorn,Yellow,Music,71.0,9,15.208620993006013,135.49823828146452,0.03387455957036613,37,Niche6,0.4684432122742052,3,Mobile,Yes,Active,Price,1
REC01255,Isabel Anderson,3704072947.0,Capricorn,Yellow,Reading,27.0,9,,545.2166078980705,0.13630415197451762,101,Niche12,0.05223738431552656,0,Mobile,No,Active,None,0
REC01256,Joseph Lopez,3608579113.0,Cancer,Gray,Reading,12.0,14,39.35774624315109,556.5795470921419,0.13914488677303546,58,Niche4,,1,Desktop,Yes,Active,None,0
REC01257,Thomas Thomas,3329597793.0,Leo,Orange,Sports,4.0,12,26.793543198360794,341.49988593142496,0.08537497148285624,7,Niche9,0.23963096309031778,2,Mobile,No,Active,None,0
REC01258,John Taylor,3382320695.0,Sagittarius,Blue,Photography,,9,49.31136040191275,520.9757182630497,0.13024392956576242,34,Niche10,0.10191436710779253,0,Desktop,No,Active,None,0
REC01259,Robert Johnson,3590965416.0,Scorpio,White,Reading,25.0,8,,303.4023311798562,0.07585058279496405,4,Niche24,0.1446794400594288,1,Desktop,No,Active,None,0
REC01260,Laura Smith,3992444310.0,Capricorn,Blue,Photography,33.0,7,29.224982412177244,222.8273682243631,0.05570684205609078,16,Niche13,0.3126049418452128,2,Tablet,No,Active,None,0
REC01261,Richard Thomas,3857690528.0,Aries,Green,Dancing,38.0,7,49.44045990146775,338.9271680203343,0.08473179200508357,61,Home,0.07526001290816779,1,,Yes,Active,None,0
REC01262,Robert Johnson,3391812587.0,Sagittarius,Purple,Hiking,3.0,7,33.27918897973459,272.55717733482936,0.06813929433370734,0,Niche1,0.15308446527896158,2,,Yes,Active,Price,1
REC01263,Charles Gonzalez,3892725373.0,Aquarius,Green,Photography,6.0,9,57.0936431433999,521.6442805283764,0.1304110701320941,29,,0.42998262874797116,0,Desktop,Yes,Active,None,0
REC01264,Paula Rodriguez,3654910576.0,Scorpio,Pink,Travel,33.0,10,,774.183927488094,0.19354598187202351,79,Sports,0.06756797429190506,3,Tablet,No,Active,None,0
REC01265,William Garcia,3021048899.0,Gemini,Yellow,Music,,10,47.87944519479039,410.01267664459465,0.10250316916114867,11,Niche0,,3,Desktop,No,Active,None,0
REC01266,Robert Rodriguez,3993867450.0,Aquarius,Gray,Travel,,16,88.27821077690876,1191.1427426140276,0.2977856856535069,28,Niche24,0.21832147823857664,0,Mobile,No,Active,None,0
REC01267,James Smith,3815434215.0,Sagittarius,Orange,Gardening,46.0,9,69.81727193465548,672.183576498384,0.168045894124596,3,Automotive,0.4039584098273428,3,Desktop,Yes,Active,None,0
REC01268,Charles Moore,3139554156.0,Sagittarius,Purple,Gardening,8.0,6,43.23999603309397,310.4953739126083,0.07762384347815207,5000,Fashion,0.43505434943417876,2,Mobile,No,Active,None,0
REC01269,John Thomas,3848961583.0,Virgo,Gray,Photography,8.0,7,62.2535114738771,522.9040968576596,0.1307260242144149,34,Niche4,0.273304306303066,0,Tablet,No,Active,Other,1
REC01270,Sofia Garcia,3743165569.0,Aquarius,Yellow,Music,2.0,6,24.991772191452544,138.70120902581718,0.03467530225645429,0,Niche11,0.030614103783450645,2,Tablet,No,Active,None,0
REC01271,John Ramirez,3906526796.0,Virgo,Yellow,Dancing,69.0,6,60.01685478174569,297.2769899365067,0.07431924748412667,7,Books,0.10329186130438796,1,Tablet,No,Active,None,0
REC01272,John Davis,3366446995.0,Leo,Pink,Cooking,46.0,13,61.07844258386164,763.2194012182906,0.19080485030457264,13,Fashion,0.39263738410689636,2,Desktop,Yes,Active,None,0
REC01273,David Davis,3129624696.0,Virgo,Purple,Travel,8.0,7,94.2947357731704,666.6412464296724,0.1666603116074181,26,Niche4,,2,Tablet,Yes,Pending,None,0
REC01274,Laura Davis,3541438167.0,Sagittarius,White,Reading,39.0,8,68.12147229708722,577.9455623597161,0.14448639058992901,6,Niche16,0.3039249019914098,2,Mobile,No,Active,None,0
REC01275,Marta Taylor,3170324880.0,Aquarius,Red,Gardening,25.0,7,38.364228078986315,251.78651737953584,0.06294662934488396,13,Niche17,0.39923749565011524,3,Mobile,Yes,Active,None,0
REC01276,Sofia Moore,3976784381.0,Aries,Pink,Photography,11.0,8,36.906104711566584,265.3622389278267,0.06634055973195667,14,Niche21,,2,Mobile,Yes,Active,None,0
REC01277,Laura Sanchez,3903448806.0,Pisces,Purple,Gaming,,7,49.257559913691566,386.72161589062284,0.0966804039726557,6,Niche24,0.14277664574757212,1,Mobile,Yes,Active,None,0
REC01278,Lucia Lopez,3098509011.0,Libra,Black,Photography,19.0,11,23.25985706230519,258.4344588716717,0.06460861471791793,33,Beauty,0.21083572845882118,1,,No,Active,None,0
REC01279,Laura Taylor,3765815318.0,Taurus,Yellow,Hiking,18.0,9,66.49874551193932,703.3585260687051,0.1758396315171763,15,Books,0.06607204596095297,1,Mobile,No,Active,None,0
REC01280,James Brown,3983514239.0,Leo,Gray,Hiking,2.0,7,46.03364209508231,298.50005100713014,0.07462501275178253,45,Niche14,0.30319219880369935,1,Mobile,No,Active,Price,1
REC01281,William Taylor,3485947855.0,Gemini,Green,Music,17.0,14,31.877100569970384,416.72853864345166,0.10418213466086292,6,Niche24,0.655727553921976,1,Mobile,No,Active,None,0
REC01282,Lucia Ramirez,3753004830.0,Cancer,Yellow,Gardening,66.0,16,58.67165114501713,1061.7731459236043,0.26544328648090104,17,Fashion,0.45495580155910453,0,,No,Active,None,0
REC01283,Ana Rodriguez,3880326235.0,Pisces,Gray,Travel,18.0,12,34.48998595745807,492.69070144369425,0.12317267536092356,78,Niche18,0.48443077670508305,1,Tablet,No,Active,None,0
REC01284,Richard Ramirez,3200866027.0,Pisces,White,Cooking,63.0,6,,180.4996896790056,0.0451249224197514,2,Niche22,0.17142084126715423,1,Mobile,No,Active,Price,1
REC01285,Laura Johnson,3560884202.0,Scorpio,Orange,Dancing,,10,21.154955297630913,187.2870793026892,0.0468217698256723,125,Automotive,,1,Mobile,Yes,Active,None,0
REC01286,Thomas Thomas,3596139333.0,Scorpio,Blue,Hiking,,7,27.266138224384456,170.0381551906507,0.04250953879766268,0,Beauty,0.6899816909235982,0,Mobile,Yes,Active,None,0
REC01287,Lucia Hernandez,3281280679.0,Leo,Yellow,Hiking,67.0,9,67.89565639318596,670.2631695210355,0.16756579238025887,7,,0.4733768678691569,2,Tablet,No,Active,None,0
REC01288,Robert Torres,3926378328.0,Sagittarius,Yellow,Hiking,50.0,12,60.922470717691866,782.5549880075675,0.19563874700189188,3,Niche7,0.20095623842377475,0,Desktop,No,Active,None,0
REC01289,Michael Johnson,3643056146.0,Aquarius,Green,Reading,10.0,4,35.35391352261477,118.41681576611286,0.029604203941528216,23,Niche19,0.3406818326509376,1,Mobile,Yes,Active,None,0
REC01290,Paula Ramirez,3522844181.0,Pisces,White,Gardening,56.0,12,61.469257172263305,652.9171966368906,0.16322929915922266,54,Niche17,,0,Mobile,No,Active,None,0
REC01291,Joseph Thomas,3516543410.0,Taurus,Pink,Cooking,17.0,7,46.933183856337635,372.9649621020284,0.0932412405255071,1,,0.18148079877358275,0,Mobile,Yes,Active,None,0
REC01292,Richard Garcia,3973936431.0,Aries,Gray,Hiking,45.0,11,70.51613837586096,634.5685616703292,0.15864214041758232,24,,,0,Desktop,No,Active,None,0
REC01293,Laura Hernandez,3392145842.0,Aquarius,Blue,Reading,47.0,11,48.7958431263216,447.57962632425574,0.11189490658106394,47,Garden,0.15967395021821074,1,Desktop,No,Active,None,0
REC01294,William Rodriguez,3723993446.0,Taurus,Pink,Cooking,67.0,10,,282.8777177547496,0.07071942943868739,16,Niche0,,1,Mobile,Yes,Active,None,0
REC01295,Lucia Johnson,3289522329.0,Leo,White,Music,70.0,10,47.20125204542383,444.3923963600939,0.11109809909002348,15,Niche17,0.3823106684307734,1,Tablet,No,Active,None,0
REC01296,Marta Wilson,3797041202.0,Aries,Red,Dancing,50.0,10,27.790967461685888,272.4204293190658,0.06810510732976645,86,Electronics,0.280574210886871,0,Mobile,Yes,Active,None,0
REC01297,John Ramirez,3091609391.0,Leo,Yellow,Gardening,15.0,6,130.9752515786825,814.6659484775472,0.2036664871193868,42,Niche14,0.033114210754000006,2,Desktop,Yes,Active,None,0
REC01298,Elena Garcia,3942415875.0,Taurus,Gray,Travel,,9,57.91840019405017,487.11519106842206,0.12177879776710551,8,Beauty,0.14822224660078126,0,Mobile,Yes,Active,None,0
REC01299,Richard Wilson,3588084790.0,Scorpio,Yellow,Sports,56.0,11,45.096420676771686,474.2116143841581,0.11855290359603952,70,Niche11,0.32599508920728815,1,Mobile,Yes,Active,None,0
REC01300,Robert Taylor,3723962944.0,Gemini,Pink,Travel,57.0,14,42.412716365555916,637.0218917345436,0.1592554729336359,28,Books,0.30357426309451935,2,Desktop,Yes,Active,None,0
REC01301,Lucia Smith,3243349792.0,Taurus,White,Travel,25.0,8,12.784948367300103,110.3216157831703,0.027580403945792576,55,Niche11,,1,Mobile,No,Active,Competitor,1
REC01302,William Perez,3372285414.0,Scorpio,Gray,Photography,11.0,5,36.90960925843308,218.48055085857413,0.05462013771464353,24,Niche4,0.43763519599499073,2,Mobile,Yes,Active,None,0
REC01303,David Taylor,3771324607.0,Scorpio,Green,Photography,22.0,10,33.172720740102186,394.88220191329054,0.09872055047832264,17,,0.3246631004943647,1,,No,Active,None,0
REC01304,Sofia Lopez,3709417431.0,Cancer,Gray,Gaming,33.0,9,36.64714948941076,282.78223578156735,0.07069555894539184,6,,0.16835448505181919,1,Desktop,No,Active,None,0
REC01305,Lucia Johnson,3215998108.0,Virgo,Pink,Reading,50.0,7,39.512628461079466,325.70864996398745,0.08142716249099687,8,Niche20,,0,Mobile,No,Active,None,0
REC01306,Marta Davis,3663627360.0,Libra,Black,Gardening,15.0,7,49.733037946409034,406.3340885089055,0.10158352212722638,5,Niche10,,0,Tablet,No,Active,None,0
REC01307,Sofia Miller,3593198495.0,Cancer,Yellow,Reading,57.0,11,,410.96118832522666,0.10274029708130666,27,Sports,0.3389784005023414,0,Mobile,Yes,Active,None,0
REC01308,Elena Brown,3067296784.0,Aquarius,Orange,Travel,50.0,9,53.72047092716244,413.42367204372255,0.10335591801093064,3,Niche8,,1,Mobile,Yes,Active,None,0
REC01309,David Davis,3955556609.0,Taurus,Gray,Gardening,10.0,12,137.0362271951784,1793.0217978197072,0.4482554494549268,52,Home,0.14988955260107473,4,Mobile,No,Active,None,0
REC01310,Charles Lopez,3043047135.0,Libra,White,Sports,25.0,12,38.78863067278921,481.0071504831875,0.12025178762079687,49,,0.3969690258274591,2,Desktop,Yes,Active,None,0
REC01311,Charles Perez,3064769051.0,Cancer,Pink,Hiking,9.0,5,37.13320610055331,212.68932031459707,0.053172330078649264,0,Niche21,0.11003546072038252,0,Mobile,Yes,Active,Other,1
REC01312,Sofia Taylor,3494080972.0,Pisces,Red,Hiking,,10,16.9443593410968,186.07256918271062,0.046518142295677654,26,Niche17,0.17096008298224236,1,Mobile,No,Active,None,0
REC01313,Charles Perez,3635489452.0,Gemini,White,Photography,52.0,6,,169.759728734718,0.0424399321836795,24,Niche23,0.04588752856063886,1,Mobile,Yes,Active,None,0
REC01314,Charles Johnson,3605926177.0,Taurus,Black,Gaming,36.0,11,48.28586684185345,532.3190235445539,0.1330797558861385,25,Sports,0.18352350577337576,1,Mobile,Yes,Active,None,0
REC01315,Richard Gonzalez,3286240206.0,Libra,Red,Reading,2.0,5,,162.07817069054093,0.04051954267263523,30,Niche14,0.3525249943549438,3,Tablet,Yes,Active,None,0
REC01316,Joseph Wilson,3698344663.0,Libra,Yellow,Dancing,-5.0,12,39.09877216718887,535.185083025572,0.133796270756393,22,Niche12,0.3999049419051843,1,Mobile,Yes,Active,None,0
REC01317,Ana Rodriguez,3738720055.0,Libra,Black,Dancing,59.0,8,32.446974617181326,226.03521692353544,0.05650880423088386,0,Niche0,,2,Mobile,Yes,Active,Price,1
REC01318,Sofia Thomas,3582813700.0,Leo,Pink,Hiking,,12,13.18089772451189,176.31179970568135,0.04407794992642034,30,,0.13680468920152086,3,,No,Active,None,0
REC01319,Richard Sanchez,3955056930.0,Taurus,Green,Reading,71.0,5,76.18122276414243,328.55187987555195,0.08213796996888799,2,Niche4,,1,Mobile,Yes,Active,Service,1
REC01320,David Wilson,3757577750.0,Leo,Orange,Music,56.0,10,49.7932997676379,490.3656936156581,0.12259142340391452,17,Niche7,0.17302113462974475,0,Mobile,No,Active,None,0
REC01321,Thomas Taylor,3795055267.0,Capricorn,Red,Reading,33.0,6,47.42170673443187,285.96810796183723,0.07149202699045931,64,Niche24,0.8702287192046463,1,Tablet,No,Active,None,0
REC01322,Charles Miller,3961044020.0,Gemini,Green,Dancing,35.0,10,39.462497401415256,396.4371229379547,0.09910928073448867,1,Niche4,0.16211964146333704,0,Mobile,Yes,Active,None,0
REC01323,Marta Martinez,3687468973.0,Scorpio,Black,Dancing,70.0,12,35.04607659953121,461.33721759173443,0.1153343043979336,36,,0.16356188809330918,1,Mobile,No,Active,None,0
REC01324,Michael Martinez,3158598720.0,Leo,White,Sports,15.0,7,65.58572154634437,519.0959818080266,0.12977399545200666,71,,0.40383308320314293,2,Desktop,No,Active,Other,1
REC01325,Laura Hernandez,3482727640.0,Capricorn,Gray,Hiking,65.0,12,,201.74365789443516,0.05043591447360879,69,Niche9,0.3411408621961181,2,Desktop,No,Active,None,0
REC01326,Sofia Garcia,3521751526.0,Gemini,Green,Travel,39.0,5,,144.60677515915404,0.03615169378978851,9,Toys,0.1475899208135356,1,Mobile,Yes,Active,None,0
REC01327,Isabel Rodriguez,3377636945.0,Pisces,Blue,Music,17.0,8,57.52613894636188,387.6664019961395,0.09691660049903487,28,Home,0.1689448388802545,0,,Yes,Active,None,0
REC01328,Michael Garcia,3917373024.0,Aries,White,Hiking,59.0,7,88.63831701671918,621.4426813799405,0.15536067034498513,26,Toys,0.18047175259912085,1,Desktop,Yes,Active,None,0
REC01329,John Smith,3631760135.0,Leo,Red,Hiking,18.0,4,51.040801322387864,169.1080695874135,0.04227701739685338,14,,0.2828411354158767,0,Mobile,No,Active,None,0
REC01330,Michael Miller,3068915134.0,Aries,Gray,Gaming,15.0,10,43.04104472096146,513.0402145012994,0.12826005362532483,14,Niche9,0.10858880498133341,0,Mobile,Yes,Active,None,0
REC01331,Laura Taylor,3540524897.0,Leo,Gray,Dancing,,8,,608.0124008726118,0.15200310021815294,52,Garden,0.09176319282778456,1,,Yes,Active,None,0
REC01332,Lucia Hernandez,3253139950.0,Sagittarius,Purple,Gardening,50.0,7,16.905386233951738,102.3640942724905,0.025591023568122626,12,Niche18,0.15028601768860195,2,Desktop,No,Active,None,0
REC01333,Sofia Wilson,3309634199.0,Capricorn,Gray,Hiking,8.0,10,29.139248226661113,272.9920681600039,0.06824801704000097,114,Niche9,0.19589300727740708,1,,No,Active,None,0
REC01334,Paula Rodriguez,3377244317.0,Scorpio,Orange,Music,46.0,4,51.903609803260785,235.85089101761005,0.058962722754402515,2,Niche0,0.542161608713348,3,Mobile,Yes,Active,None,0
REC01335,Lucia Johnson,3171298837.0,Taurus,White,Hiking,16.0,7,27.102665370327934,172.847415976807,0.04321185399420175,4,Grocery,0.20174773333766047,0,Mobile,No,Active,None,0
REC01336,Maria Taylor,3603735903.0,Taurus,Yellow,Reading,26.0,5,58.96617703264305,325.693985071607,0.08142349626790175,5,Niche16,0.13197636660294357,2,Mobile,Yes,Active,None,0
REC01337,Lucia Anderson,3845611456.0,Cancer,Yellow,Cooking,27.0,11,34.89678378830238,446.17377858762137,0.11154344464690534,6,Niche16,0.042720563694146146,1,,Yes,Active,None,0
REC01338,David Perez,3857510790.0,Virgo,Orange,Dancing,12.0,9,63.626536984143094,607.349469062677,0.15183736726566927,3,Sports,0.15668151672044908,0,Desktop,No,Active,None,0
REC01339,Maria Brown,3050438402.0,Virgo,Pink,Gardening,23.0,6,31.130376506427375,190.64989184157116,0.04766247296039279,73,Niche5,0.3822421725880603,1,Mobile,No,Active,None,0
REC01340,Joseph Hernandez,3812654263.0,Aquarius,Purple,Photography,66.0,12,52.88371971896713,668.1689284843178,0.16704223212107944,1,Niche5,0.2066416010939195,0,Desktop,No,Active,None,0
REC01341,Marta Gonzalez,3184626911.0,Leo,Blue,Dancing,68.0,7,,167.88879236159116,0.04197219809039779,9,Sports,0.7402627929720086,1,Desktop,Yes,Active,None,0
REC01342,Joseph Lopez,3860404841.0,Cancer,Green,Music,43.0,11,,432.2187265499535,0.10805468163748837,19,Sports,0.19543091463465947,6,Mobile,No,Active,None,0
REC01343,Carmen Ramirez,3856038005.0,Leo,White,Gardening,49.0,11,117.96645568299904,1400.5775960299186,0.3501443990074796,2,Home,0.48996060496471866,1,Desktop,Yes,Active,None,0
REC01344,Laura Hernandez,3525131006.0,Capricorn,Orange,Hiking,46.0,8,29.525100522820825,215.63915548977334,0.05390978887244333,4,Home,0.20828634242404837,0,Mobile,No,Active,None,0
REC01345,Joseph Brown,3200015859.0,Pisces,Green,Gaming,19.0,8,39.91860190952182,259.0199490624891,0.06475498726562227,30,Grocery,0.2705622531977976,0,Mobile,Yes,Active,None,0
REC01346,Ana Martinez,3442355307.0,Libra,Yellow,Cooking,29.0,14,27.421586995929367,371.42817076711617,0.09285704269177904,37,,0.07899063868413811,2,Desktop,Yes,Active,None,0
REC01347,William Rodriguez,3821488423.0,Gemini,Yellow,Travel,7.0,5,39.92339822768084,174.67430258404076,0.04366857564601019,20,Automotive,0.34626522710277713,1,Desktop,No,Active,None,0
REC01348,Elena Moore,3242774919.0,Pisces,Gray,Photography,,12,20.65171145809436,226.67240382894698,0.05666810095723675,6,,0.287535124082807,1,Mobile,No,Active,None,0
REC01349,Elena Brown,3417465525.0,Leo,Yellow,Reading,53.0,10,21.830691787022506,237.2109161580177,0.059302729039504426,4,Niche1,0.35735068947121396,2,Mobile,Yes,Active,None,0
REC01350,Charles Garcia,3350289719.0,Taurus,Purple,Music,40.0,8,45.4285308160287,350.27678762953417,0.08756919690738355,24,Toys,0.40215710943627747,1,Desktop,Yes,Active,None,0
REC01351,James Perez,3491920538.0,Sagittarius,Black,Gaming,68.0,11,27.032468249165866,261.42456320119004,0.06535614080029752,5,Niche0,0.12545658994253775,0,Desktop,No,Active,None,0
REC01352,Robert Smith,3406303754.0,Aquarius,Yellow,Hiking,,6,47.07026528955243,227.57412315227847,0.05689353078806962,4,Niche14,0.11838078491391255,3,Desktop,No,Active,Competitor,1
REC01353,William Smith,3985599770.0,Aries,Gray,Gaming,69.0,6,64.8690337843217,421.9158559474333,0.10547896398685831,14,Niche9,0.4198251060908915,0,Desktop,No,Active,None,0
REC01354,James Martinez,3251853657.0,Gemini,Blue,Sports,54.0,10,38.848568852992614,388.03026198311954,0.09700756549577988,10,Niche23,0.35934500608522285,0,Mobile,Yes,Active,None,0
REC01355,Paula Lopez,3999188087.0,Cancer,Purple,Dancing,7.0,11,36.41400831761602,446.5008717126291,0.11162521792815727,7,Grocery,,1,Desktop,Yes,Active,None,0
REC01356,Richard Wilson,3023559881.0,Virgo,Gray,Gaming,,8,32.07819228927,243.81658433845809,0.060954146084614524,31,Automotive,0.29198444877962215,3,Desktop,No,Active,None,0
REC01357,Marta Rodriguez,3955982930.0,Capricorn,Black,Gardening,37.0,6,,604.4631181230338,0.15111577953075847,89,Niche8,0.3488776056870144,1,,No,Pending,None,0
REC01358,Paula Smith,3258835563.0,Leo,White,Dancing,2.0,11,73.41440520436569,967.2383396489649,0.24180958491224122,21,Niche13,0.09928891670472072,3,,No,Active,Competitor,1
REC01359,Paula Lopez,3644920755.0,Cancer,Green,Sports,36.0,7,33.45936273558391,255.63820090312157,0.06390955022578039,32,,0.19963114372077984,1,Mobile,No,Active,None,0
REC01360,Laura Moore,3240641236.0,Aries,Red,Hiking,64.0,11,40.11563529871537,414.63759013107153,0.10365939753276789,8,Niche11,0.3565851085967543,1,Desktop,No,Active,None,0
REC01361,Joseph Davis,3205808924.0,Aries,Red,Cooking,36.0,14,,387.268975629305,0.09681724390732624,4,Niche10,0.5568239900784494,4,Desktop,No,Active,None,0
REC01362,Laura Smith,3407139783.0,Pisces,Yellow,Reading,,7,57.972932814429974,468.9911719707046,0.11724779299267615,4,Niche5,0.6267296684165187,1,Mobile,Yes,Active,None,0
REC01363,Sofia Garcia,3401755344.0,Cancer,Pink,Music,55.0,7,30.341728783545722,222.10123134629146,0.05552530783657286,18,Niche3,0.24430934566625978,0,Mobile,Yes,Active,None,0
REC01364,Joseph Brown,3544820583.0,Aquarius,Gray,Travel,64.0,5,71.47608471650904,323.61057888104585,0.08090264472026146,17,Niche9,0.31864830051698106,0,Mobile,Yes,Active,None,0
REC01365,Thomas Miller,3484816421.0,Scorpio,Pink,Cooking,14.0,14,20.97049686377487,245.36225071122996,0.06134056267780749,18,Niche5,0.11111177123994875,2,Mobile,No,Active,None,0
REC01366,Maria Ramirez,3800428361.0,Leo,Purple,Dancing,3.0,12,39.13107998985259,484.2439276845877,0.12106098192114692,59,Niche24,0.3951413506929109,2,Mobile,Yes,Active,None,0
REC01367,David Garcia,3962262647.0,Pisces,Red,Hiking,12.0,9,52.91972632850336,492.7052122409456,0.1231763030602364,38,Niche18,0.212519196015639,0,Mobile,Yes,Active,None,0
REC01368,Lucia Smith,3703950273.0,Taurus,Purple,Travel,12.0,11,105.98666167373617,1314.7997692120973,0.32869994230302435,10,,0.19083538438482625,1,Mobile,Yes,Active,None,0
REC01369,Carmen Rodriguez,3684958459.0,Aquarius,Yellow,Music,14.0,5,80.52846920328358,407.24555338988984,0.10181138834747246,22,Niche0,0.2915674417681935,1,Mobile,No,Active,None,0
REC01370,Robert Anderson,3762627247.0,Sagittarius,Black,Travel,36.0,9,77.21885555816586,832.5880647889056,0.20814701619722642,32,Niche1,,1,Desktop,No,Active,None,0
REC01371,Paula Lopez,3743268044.0,Taurus,White,Dancing,41.0,10,45.294756573060454,532.7628219264218,0.13319070548160544,52,Niche15,0.4982303453576687,1,Mobile,Yes,Active,None,0
REC01372,Marta Moore,3222129131.0,Capricorn,Black,Dancing,66.0,4,55.51429879178256,255.18872964524678,0.0637971824113117,19,Niche24,0.4384593653399591,0,Mobile,No,Active,None,0
REC01373,Paula Lopez,3253943674.0,Aquarius,Green,Music,63.0,6,19.972434650731913,123.35669704415474,0.030839174261038684,2,,0.3350047015866514,2,Mobile,No,Active,None,0
REC01374,Joseph Brown,3488870876.0,Aquarius,White,Gaming,69.0,11,52.45050369887953,481.70306218125165,0.12042576554531291,75,Home,,1,Mobile,Yes,Active,None,0
REC01375,Laura Hernandez,3303403001.0,Aries,Yellow,Travel,63.0,8,46.44325253292045,424.74287122276877,0.10618571780569219,10,Beauty,0.15570133822540544,3,Mobile,No,Active,None,0
REC01376,David Brown,3568155563.0,Virgo,White,Travel,24.0,11,,757.5228443605866,0.18938071109014668,53,Niche15,0.2902384977402604,2,Desktop,No,Active,None,0
REC01377,Maria Hernandez,3700505271.0,Virgo,Red,Reading,48.0,8,8.38866326697387,73.5906042187029,0.018397651054675723,6,Home,0.44580259261452615,2,Mobile,Yes,Active,Price,1
REC01378,David Ramirez,3673459055.0,Aries,White,Sports,,9,54.20911071660137,431.26623940986866,0.10781655985246716,40,Niche19,,0,Desktop,No,Active,None,0
REC01379,Lucia Johnson,3445039145.0,Sagittarius,Purple,Sports,55.0,9,19.951722351897715,175.76088927276683,0.04394022231819171,0,Niche24,0.28827064615538833,1,Desktop,No,Active,None,0
REC01380,Ana Anderson,3773605851.0,Virgo,Black,Sports,19.0,7,,619.3910022207308,0.1548477505551827,37,Toys,0.3370586328815225,0,Desktop,No,Active,None,0
REC01381,Thomas Sanchez,3886269147.0,Virgo,Red,Music,37.0,13,72.19186195289345,897.5921474293582,0.22439803685733956,7,Niche7,0.09060619697790391,5,Mobile,No,Active,None,0
REC01382,Lucia Miller,3559798703.0,Aries,Gray,Photography,29.0,11,31.609384540328232,414.360848035809,0.10359021200895226,19,Garden,0.14662651556539405,3,Mobile,No,Active,None,0
REC01383,James Anderson,3254214635.0,Cancer,Black,Cooking,62.0,7,40.08376332635316,270.3141197741513,0.06757852994353783,8,Niche1,0.11225434180154122,2,Desktop,Yes,Active,None,0
REC01384,Maria Anderson,3105666046.0,Sagittarius,Red,Reading,8.0,11,27.811343201466407,354.1133324694968,0.08852833311737421,32,Grocery,0.4699301981860556,0,Desktop,Yes,Active,None,0
REC01385,Robert Lopez,3385917053.0,Virgo,White,Reading,44.0,10,42.726019406828144,503.9961209537415,0.1259990302384354,8,Niche3,0.1530980536391747,0,Desktop,Yes,Active,None,0
REC01386,James Davis,3986192031.0,Scorpio,Red,Dancing,61.0,9,23.80146064657335,254.22965728616484,0.0635574143215412,46,Home,0.5580544177093038,3,Desktop,Yes,Active,None,0
REC01387,Marta Miller,3273930228.0,Gemini,Red,Travel,29.0,10,35.64284116554319,347.38406429663246,0.08684601607415811,7,Automotive,0.207419520147713,1,Desktop,No,Active,None,0
REC01388,Carmen Brown,3501332867.0,Virgo,Gray,Dancing,52.0,10,39.745262586150176,469.0825896121114,0.11727064740302785,78,Niche10,0.09751674568699321,2,Mobile,No,Active,None,0
REC01389,Charles Gonzalez,3601616601.0,Cancer,Orange,Cooking,,10,39.69555189630761,439.28204357628636,0.10982051089407159,7,Niche14,0.42639771344977967,1,Mobile,No,Active,None,0
REC01390,Joseph Perez,3339098144.0,Aries,White,Sports,52.0,10,49.589498518039285,467.78373302368635,0.11694593325592159,-10,Garden,0.14947638328332233,1,Mobile,No,Active,None,0
REC01391,Carmen Moore,3801387271.0,Libra,Orange,Photography,13.0,6,74.29737983974634,453.1591990052406,0.11328979975131015,66,Electronics,0.14287464072800735,1,Desktop,No,Active,None,0
REC01392,Isabel Miller,3255656351.0,Libra,Purple,Cooking,28.0,9,73.72814188389069,742.8160797012148,0.1857040199253037,18,Electronics,0.15116194438272904,2,,No,Active,None,0
REC01393,John Gonzalez,3029935345.0,Aquarius,Yellow,Hiking,44.0,9,73.46642410697362,639.5331148273089,0.15988327870682723,12,Niche13,,2,Desktop,No,Active,None,0
REC01394,Charles Smith,3684242456.0,Aquarius,Yellow,Dancing,,6,35.92437050229321,180.8865873148291,0.045221646828707274,6,Niche21,0.12492934232059702,3,Mobile,No,Active,None,0
REC01395,David Hernandez,3814147659.0,Aries,Green,Dancing,21.0,16,64.072724321413,1207.890964497367,0.30197274112434175,7,Niche21,0.05566710827933883,1,Mobile,Yes,Active,None,0
REC01396,Charles Torres,3124812300.0,Gemini,Purple,Travel,,9,29.685017697133137,259.9476633238942,0.06498691583097355,71,Niche18,0.5550395889299202,1,Mobile,Yes,Active,None,0
REC01397,Michael Martinez,3900056042.0,Aries,Blue,Dancing,29.0,10,58.21658708980898,603.6789292348129,0.15091973230870323,6,,0.09204247061910567,0,Mobile,No,Active,None,0
REC01398,David Taylor,3003657532.0,Sagittarius,Orange,Photography,29.0,11,42.261252288603835,480.0848857355243,0.12002122143388108,47,Automotive,0.1837500240005771,2,Mobile,Yes,Active,None,0
REC01399,David Moore,3814114712.0,Capricorn,Red,Hiking,37.0,8,131.044970596651,1202.7571680298406,0.30068929200746014,6,Niche23,0.2884862752293458,1,Mobile,No,Active,None,0
REC01400,Ana Martinez,3362925644.0,Cancer,Black,Music,10.0,5,24.985815409549666,112.89870707466189,0.028224676768665472,126,,0.1685436225263808,4,Tablet,Yes,Active,None,0
